sample,class,logit,time,top1_token,top1_shap,top2_token,top2_shap,top3_token,top3_shap,top4_token,top4_shap,top5_token,top5_shap,bottom1_token,bottom1_shap,bottom2_token,bottom2_shap,bottom3_token,bottom3_shap,bottom4_token,bottom4_shap,bottom5_token,bottom5_shap
0,0,-0.787300289,0.019701,batch,1.942860,miss,1.794440,watching,1.316150,madonna,1.252920,off,1.249170,performance,-1.587140,weber,-1.551430,beautiful,-1.541670,best,-1.371160,ground,-1.145690
1,0,-1.93163264,0.019661,such,1.305200,therein,1.166300,broadcast,1.111680,info,1.059420,lie,1.045120,well,-0.945943,<unk>,-0.895831,allowed,-0.894823,totally,-0.882815,including,-0.712856
2,0,2.09230399,0.019660,nearly,2.492000,monty,1.969110,they,1.726650,affected,1.223680,door,1.197290,water,-1.743020,well,-1.741610,water,-1.637970,fully,-1.148650,great,-1.133730
3,0,-2.28935552,0.019662,talk,1.826700,funding,1.415460,rarely,1.377830,needless,1.260830,down,0.974086,glasses,-1.402330,series,-1.164090,excellent,-1.093210,<unk>,-0.825870,where,-0.811081
4,0,3.46238017,0.019692,scenes,1.963100,saying,1.753230,encounter,1.636230,couple,1.494610,trials,1.389530,now,-1.792630,now,-1.574820,think,-1.452290,outline,-1.176750,where,-1.127420
5,0,2.64524484,0.019660,64,2.208410,excited,2.066910,guns,1.761530,blue,1.329610,video,1.288920,right,-1.965570,finally,-1.197240,<unk>,-1.109490,world,-0.866873,<unk>,-0.860626
6,0,2.08829904,0.019661,?,1.645240,rarely,1.632140,nothing,1.550020,dream,1.437480,?,1.409130,late,-1.982030,favorite,-1.361300,jennifer,-1.067750,1980,-1.041790,see,-1.030790
7,0,-2.49602127,0.019669,they,1.512350,country,1.127340,?,1.122140,ideas,1.101700,up,1.007870,often,-1.202520,child,-1.149520,passed,-1.097450,moved,-1.068500,unusual,-1.005490
8,0,-2.31539559,0.019665,?,1.694260,?,1.691560,they,1.384260,?,1.371830,anything,1.355570,remembered,-1.694540,genres,-1.299460,love,-1.211770,play,-1.063040,<unk>,-0.910868
9,0,-3.07767963,0.019699,wet,1.459120,up,1.065810,prison,0.954840,b-movie,0.924880,crappy,0.905065,right,-1.569020,camp,-1.263060,right,-1.223120,inside,-1.218050,now,-1.170390
10,0,4.43383694,0.019663,wet,2.087410,plot,1.616430,dream,1.370950,obsessed,1.364780,they,1.343070,think,-1.289310,invited,-1.131510,genre,-1.016430,think,-0.921393,school,-0.920421
11,0,-3.77693129,0.019667,rather,0.892430,apparently,0.886365,mental,0.798416,an,0.794130,problems,0.712507,complex,-0.999463,decision,-0.954654,<unk>,-0.738611,actually,-0.543436,<unk>,-0.517559
12,0,3.56254077,0.019660,rambling,2.993040,boring,2.405100,complete,1.452890,development,1.156650,there,0.874384,wordy,-2.260340,and,-0.958346,<unk>,-0.842376,you,-0.716529,stereotypes,-0.639834
13,0,-3.31042361,0.019816,they,1.073820,unintentional,0.796223,out,0.766206,but,0.762836,killer,0.729939,disgusted,-0.905421,play,-0.847271,easily,-0.790484,whats,-0.747649,<unk>,-0.595335
14,0,-0.954612613,0.019690,itself,1.825000,off,1.735740,thriller,1.663090,mutilation,1.628340,same,1.420150,murders,-1.457300,month,-1.292850,fabio,-1.105990,italian,-1.102160,trailers,-1.045240
15,0,4.50286579,0.019660,awful,1.762770,bad,1.733810,fear,1.487700,actress,1.469240,actress,1.452960,mixed,-1.354800,child,-1.200190,plays,-1.161060,simple,-1.020520,ozzy,-0.992485
16,0,2.00892186,0.019656,hold,1.802700,thing,1.645970,reckon,1.303940,values,1.249050,make,1.138950,twists,-1.798130,toronto,-1.330070,story,-0.926950,shots,-0.891120,though,-0.818696
17,0,3.67902017,0.019661,excited,2.266850,followed,1.702440,important,1.235340,make,1.227590,ideas,1.028480,amazing,-1.994150,see,-1.118230,task,-1.041060,<unk>,-0.942404,memory,-0.874228
18,0,-3.30580068,0.019827,scenes,1.466130,eager,1.096480,k,0.910130,pay,0.906883,camera,0.783575,now,-1.002110,capture,-0.732313,<unk>,-0.699742,enormous,-0.686860,william,-0.682160
19,0,-3.02093053,0.019689,scenes,1.346820,incredibly,1.322610,they,1.269050,year,1.228870,2006,1.051610,comic,-0.976867,<unk>,-0.916050,funniest,-0.903768,<unk>,-0.856509,genius,-0.837093
20,0,-3.50092769,0.019661,scenes,1.164860,they,0.933333,actors,0.817536,knowing,0.655250,but,0.587305,dad,-1.269110,love,-0.600832,him,-0.460787,chemistry,-0.458634,see,-0.433495
21,0,4.77313137,0.019662,events,1.404990,less,1.302060,ended,1.170310,actors,1.086320,doing,1.072550,well,-1.162440,enjoyable,-1.125150,well,-0.993100,work,-0.924592,work,-0.871971
22,0,-3.0141747,0.019696,amanda,1.670710,iron,1.510340,hilt,1.144280,upright,1.127960,sadistic,1.046750,solid,-1.341000,performance,-0.937134,<unk>,-0.889094,<unk>,-0.842654,joseph,-0.723326
23,0,2.34486461,0.020933,rich,2.680400,voices,1.983530,simply,1.217840,politics,1.191510,spend,1.093790,great,-1.259870,help,-1.066800,s,-1.025950,s,-1.009330,great,-1.001590
24,0,-2.84641314,0.019688,myself,1.514870,smokes,0.733370,savage,0.724274,singing,0.689903,),0.554980,right,-1.018400,angel,-0.665993,me,-0.630453,andie,-0.594493,why,-0.497943
25,0,1.37312412,0.019663,crooked,2.105780,scenes,2.078760,remind,1.694110,ruined,1.636680,actors,1.551070,wordy,-1.710420,often,-1.615350,beautiful,-1.516210,great,-1.140400,see,-1.122690
26,0,-0.205818772,0.019665,scenes,2.318970,except,2.279340,incredibly,1.859110,myself,1.812650,plot,1.720980,love,-1.569770,curse,-1.313560,love,-1.268710,excellent,-1.263730,see,-0.987848
27,0,-2.33388042,0.019664,buzz,1.287050,bad,1.279030,anything,1.157270,too,1.156650,associate,0.925220,magnificent,-1.117640,play,-1.005610,greater,-0.905397,charm,-0.859342,<unk>,-0.769284
28,0,-3.31220007,0.019663,plot,1.437790,intentions,1.139950,up,1.005960,up,0.935787,aboard,0.693118,owes,-1.259450,wealthy,-0.899899,captain,-0.808869,courageous,-0.792810,great,-0.783595
29,0,-3.34122872,0.019688,nearly,2.649290,case,1.296960,citizen,1.075750,up,1.012670,thirty,0.964051,late,-1.267400,notoriety,-1.156460,six,-1.001210,<unk>,-0.969579,clone,-0.696216
30,0,-3.25661016,0.019662,miss,1.623250,they,1.230140,they,1.150040,madness,0.794385,nasty,0.776307,gut-busting,-0.905119,<unk>,-0.783440,<unk>,-0.733924,<unk>,-0.730145,bach,-0.702878
31,0,-3.53452301,0.019685,masters,1.115370,2,0.874032,4,0.744320,clubs,0.709918,guys,0.688214,best,-0.796118,think,-0.679675,<unk>,-0.604969,heads,-0.595241,think,-0.583081
32,0,-3.56667399,0.019668,actors,0.860803,must,0.820222,too,0.800200,woman,0.750415,but,0.540788,love,-0.698018,now,-0.534400,<unk>,-0.479647,micheal,-0.453580,impressed,-0.442242
33,0,-3.47647142,0.019657,they,1.214560,actors,1.176710,bad,1.160780,bad,1.038370,charmed,1.011830,amazing,-1.125170,finally,-0.967294,beautiful,-0.874658,see,-0.705240,me,-0.682105
34,0,5.32771206,0.019697,commercials,1.715760,saying,1.598500,misery,1.589420,?,1.339020,bad,1.308730,bit,-1.013500,s,-1.003370,probably,-0.866314,<unk>,-0.841844,stay,-0.772231
35,0,0.420359761,0.019663,scenes,2.120500,background,1.993960,actress,1.807180,scenes,1.778110,boring,1.753980,hundreds,-2.116310,hilarious,-1.935360,excellent,-1.542000,well,-1.360140,magic,-1.189350
36,0,0.406165987,0.019661,actor,2.595320,plot,1.964910,bad,1.785940,dozen,1.666930,wynn,1.653900,kirk,-1.640640,love,-1.450860,comic,-1.099650,secretary,-1.093820,comic,-1.038330
37,0,3.01745248,0.019667,football,2.320460,off,1.768880,considering,1.616310,they,1.598980,potential,1.418930,me,-1.431110,where,-1.132160,shocked,-1.059930,say,-1.009640,great,-0.951491
38,0,-2.09549308,0.019832,they,1.331230,anything,1.037550,such,1.028310,just,0.988939,just,0.784767,me,-1.489130,best,-1.351230,say,-0.961043,ability,-0.910473,great,-0.861907
39,0,3.19496822,0.019687,save,2.766750,body,2.210060,fascinated,2.005410,intriguing,1.689090,victim,1.298710,knocked,-1.837080,comes,-1.409300,love,-1.377250,me,-1.216500,lovely,-1.178380
40,0,-0.141875327,0.019668,background,2.385340,they,1.757670,they,1.519930,mad,1.426150,fast,1.379520,hilarious,-2.111550,reaction,-1.638310,wannabe,-1.634100,comes,-1.331620,well,-1.169540
41,0,3.58309293,0.019665,sort,1.549460,?,1.455040,up,1.412650,?,1.271990,?,1.260950,now,-2.046070,<unk>,-0.979309,s,-0.959478,<unk>,-0.932108,<unk>,-0.926470
42,0,-2.47837186,0.019657,worse,1.472030,they,1.432680,crime,1.399240,plot,1.319730,hurt,1.082260,breathtaking,-1.112030,underrated,-1.086710,probably,-1.018580,excellent,-0.934800,leave,-0.818311
43,0,-0.873753607,0.019667,save,3.025110,sexual,1.900000,video,1.533470,low,1.520290,trying,1.430870,exorcist,-1.231800,well,-1.147420,finally,-1.104830,priest,-1.098560,where,-0.930046
44,0,-1.31652665,0.019688,lame,2.152460,nothing,1.627910,nothing,1.367620,money,1.275960,special,1.080190,late,-1.821650,tonight,-1.046850,probably,-0.789836,<unk>,-0.699939,act,-0.678292
45,0,-3.46074867,0.019658,nothing,1.247560,footage,1.123330,worst,1.121310,footage,0.899618,have,0.768685,<unk>,-0.818464,ground,-0.735566,ground,-0.730639,ground,-0.639891,other,-0.571505
46,0,-0.492093712,0.019661,worse,1.990750,terrible,1.402350,but,1.114730,believe,1.098570,talent,1.056570,comedic,-1.599830,ali,-1.395340,s,-1.051530,olds,-1.017800,see,-0.992597
47,0,-0.771758258,0.019663,ok,1.603290,incubus,1.601390,they,1.408030,they,1.395750,they,1.344700,beautiful,-1.751950,lore,-1.362600,gothic,-1.240690,perfect,-1.202920,assure,-1.146840
48,0,0.617689013,0.019687,fascinated,2.083290,nothing,2.012680,naive,1.723590,honestly,1.548370,knew,1.233250,sad,-1.316560,town,-1.272500,see,-1.174830,italian,-1.173780,see,-1.041290
49,0,-3.0494976,0.019808,costello,1.452840,buddy,1.343120,encounter,1.274910,they,1.255300,costello,1.113900,play,-1.011110,plays,-0.842982,magic,-0.812354,magic,-0.807425,well,-0.748055
50,0,-0.307744622,0.019663,tries,2.562990,wilderness,1.876920,convince,1.703220,they,1.621020,scenes,1.563550,pioneers,-1.078680,saga,-0.956545,picture,-0.945134,<unk>,-0.926497,<unk>,-0.873871
51,0,3.67103696,0.019662,1,2.394010,nothing,1.262790,too,1.251300,such,1.146200,convincing,1.121910,best,-1.523630,speaking,-1.250510,speaks,-1.238150,<unk>,-1.143240,think,-1.044990
52,0,5.54638958,0.019660,failed,1.542170,ended,1.531360,trying,1.474460,plot,1.425440,they,1.341940,care,-1.176890,corbett,-1.078560,where,-1.008080,where,-0.981825,s,-0.916693
53,0,-2.44368863,0.019690,melville,2.013330,saying,1.725990,scenes,1.448350,plot,1.398540,crime,1.327480,le,-1.585820,le,-1.509250,le,-1.419880,gotten,-1.092830,me,-0.980929
54,0,-2.86169672,0.019813,nothing,1.639460,background,1.356740,they,1.169260,actors,1.031440,up,0.993387,beautiful,-1.412490,love,-0.964066,love,-0.860139,love,-0.850621,lesbian,-0.823943
55,0,-2.1655643,0.019666,scenes,1.948260,bad,1.765510,?,1.370690,?,1.266370,couple,1.258370,endures,-1.040420,marriage,-1.029640,<unk>,-0.958048,<unk>,-0.947685,<unk>,-0.869468
56,0,-3.37957883,0.019669,1965,1.837660,rich,1.601460,sequence,1.175220,intriguing,1.102710,egyptian,1.074000,nostalgia,-1.153460,me,-0.836132,also,-0.748147,works,-0.741075,<unk>,-0.722852
57,0,-3.79749703,0.019660,religious,1.442160,such,1.029930,such,0.797573,any,0.794211,sense,0.754622,great,-0.835752,love,-0.775522,society,-0.664345,<unk>,-0.621525,<unk>,-0.602498
58,0,-2.39280748,0.019660,talk,1.725410,torture,1.655870,supposed,1.376900,?,1.062920,anything,1.023690,wounds,-1.033290,prisoners,-1.032510,me,-1.008250,acceptable,-1.006050,me,-1.004760
59,0,-3.30957341,0.019692,folks,1.233980,apparently,1.182320,an,0.788949,just,0.776430,nice,0.770989,smart,-1.244370,smart,-1.194530,beautiful,-1.128890,excellent,-0.781519,<unk>,-0.743746
60,0,-3.90080643,0.019667,actor,1.722470,clearly,1.430310,room,1.400930,plot,1.383790,box,0.726051,allow,-0.992508,office,-0.821752,lot,-0.776623,<unk>,-0.749915,solid,-0.742445
61,0,0.800470889,0.019661,dastardly,2.756170,they,1.616120,nothing,1.573980,thing,1.517040,dozen,1.340290,plays,-1.548750,history,-1.495430,wow,-1.307960,<unk>,-1.177500,<unk>,-0.980137
62,0,7.26881742,0.019658,except,2.123010,kicking,1.533760,nothing,1.458250,they,1.225610,nothing,1.149340,me,-1.248040,s,-1.142860,say,-1.027740,loved,-0.949483,<unk>,-0.937755
63,0,-3.76229835,0.020652,driving,0.991272,worth,0.863358,julie,0.782139,while,0.780494,make,0.722764,reaction,-0.792510,<unk>,-0.756987,<unk>,-0.754000,<unk>,-0.734762,laura,-0.724663
64,0,2.35330415,0.019691,plot,1.895740,worthy,1.455710,such,1.382160,someone,1.334610,contrived,1.299230,sung,-2.101380,bit,-1.084740,see,-1.070510,haven,-1.032220,<unk>,-0.885709
65,0,-1.38942134,0.019662,handled,1.757740,scenes,1.530280,violent,1.415100,such,1.277170,actors,1.126110,masterpiece,-1.868090,deeply,-1.485370,magnificent,-1.266880,forster,-1.121940,see,-1.077440
66,0,-3.67146564,0.019659,thing,0.881904,many,0.726395,jokes,0.669459,adult,0.573097,just,0.541242,dad,-0.907084,eventually,-0.866184,favorite,-0.787177,favorite,-0.688197,love,-0.667950
67,0,0.179077297,0.019664,off,1.898830,scenes,1.761380,they,1.640270,wouldn,1.352690,thing,1.232040,now,-1.548950,numerous,-1.452470,well,-1.419340,lot,-1.342110,basic,-1.022590
68,0,-2.75188065,0.020219,quo,1.689210,torture,1.680810,germany,1.266480,major,1.154710,kill,1.145430,<unk>,-1.019040,<unk>,-0.945197,<unk>,-0.828302,<unk>,-0.795395,<unk>,-0.762608
69,0,2.89851809,0.019695,scenes,1.926240,plot,1.737000,redeeming,1.498760,someone,1.457560,such,1.329170,shirt,-1.709150,appalled,-1.668810,love,-1.477840,see,-1.114370,<unk>,-0.933760
70,0,-1.53132188,0.019658,they,1.539760,someone,1.474180,they,1.444240,they,1.404130,your,1.370950,best,-1.586520,love,-1.473880,best,-1.267700,plays,-1.215750,play,-0.955936
71,0,-1.99945462,0.019659,flop,1.251650,actors,1.249710,christmas,1.112680,watching,1.099960,up,0.955279,treat,-1.164510,until,-0.747911,loses,-0.702457,read,-0.665463,goes,-0.618309
72,0,-3.06134725,0.019666,actor,2.521730,background,1.963370,neglected,1.264450,rather,0.955066,name,0.691545,often,-1.543700,produced,-1.343160,hall,-1.281440,glasses,-1.280580,best,-1.172930
73,0,3.16701412,0.021001,spider,1.979310,engages,1.826140,anything,1.593680,plot,1.588850,your,1.546590,love,-1.713360,scientific,-1.514420,leo,-1.088040,<unk>,-1.073230,help,-0.969683
74,0,-0.601705194,0.019689,region,2.159530,region,2.134840,1,1.757740,sequence,1.536140,myself,1.534900,often,-1.698820,now,-1.597760,well,-1.399840,office,-1.331370,well,-1.269850
75,0,0.447432369,0.019663,1,2.302610,they,2.004890,they,1.884900,such,1.452650,too,1.368390,right,-2.111060,sacrifice,-1.558540,numerous,-1.398840,named,-1.369720,ark,-0.997046
76,0,-2.56721616,0.019665,they,1.452770,stealing,1.383350,fleischer,1.337230,they,1.306830,paramount,1.139680,<unk>,-0.955539,destination,-0.948309,studio,-0.934436,series,-0.916044,excellent,-0.889722
77,0,2.3110745,0.019661,slaps,2.328210,winds,1.707990,bochner,1.659570,quietly,1.608570,off,1.467930,comes,-1.381730,hart,-1.346450,<unk>,-1.060490,where,-1.059760,<unk>,-1.059510
78,0,-2.3570745,0.021681,such,1.300970,rather,1.203490,your,1.109180,but,0.801170,just,0.786343,personality,-1.165380,personality,-1.033940,think,-0.862222,sweet,-0.846498,studio,-0.807853
79,0,1.96440709,0.019679,they,1.688190,actors,1.590290,actors,1.497470,actors,1.319800,dialog,1.289820,love,-1.841000,joseph,-1.295930,time,-1.014080,other,-0.911442,two,-0.907819
80,0,-3.75014997,0.019662,religious,1.077130,your,1.016550,piece,0.776248,compelled,0.706968,cop,0.652255,murders,-1.019090,balance,-0.763337,recommended,-0.763250,read,-0.737777,lot,-0.692487
81,0,1.05915534,0.019662,formula,2.653210,scenes,1.893570,plot,1.526220,early,1.426000,such,1.423930,late,-1.907470,twists,-1.663120,competent,-1.531410,well,-1.500990,well,-1.294020
82,0,-3.31936097,0.019657,really,0.959132,whether,0.871174,',0.509513,collection,0.505489,or,0.492632,me,-1.243240,great,-1.079090,s,-0.837812,enjoyed,-0.752418,baseball,-0.698909
83,0,-2.75457883,0.020915,off,1.172150,off,1.118390,male,1.108370,your,1.105260,greece,0.811462,me,-1.240990,shirt,-1.184320,lot,-1.116910,story,-0.860092,me,-0.766197
84,0,-2.90253806,0.019693,considering,1.370820,scenes,1.330190,supposed,1.189570,might,0.901389,flaws,0.752804,masterpiece,-1.651130,best,-1.226940,performance,-1.027430,best,-0.917586,now,-0.908628
85,0,2.6800549,0.019672,cannot,2.374080,nothing,1.517760,such,1.386170,thing,1.186230,actual,1.102510,temple,-1.664030,type,-1.192110,<unk>,-0.986061,<unk>,-0.984063,<unk>,-0.973616
86,0,0.97488445,0.019665,they,1.748880,stories,1.694260,they,1.591350,they,1.504340,complete,1.313300,best,-1.533600,well,-1.350850,<unk>,-0.998325,collectively,-0.966166,each,-0.944898
87,0,-0.54161799,0.019665,body,2.306650,except,2.196000,thriller,2.171310,itself,1.729930,stories,1.721380,science,-1.475160,space,-1.455130,well,-1.149820,well,-1.009090,other,-0.959889
88,0,-0.272733748,0.020632,lame,2.878440,filling,1.826640,wasted,1.517610,idea,1.258480,horrible,1.123070,energy,-1.552930,eddie,-1.218920,wow,-1.058480,david,-1.055090,<unk>,-0.923522
89,0,-1.87769938,0.019702,re-named,1.519150,they,1.341880,bad,1.331810,worse,1.288630,plate,1.242890,senior,-1.888490,town,-1.068900,eddie,-0.826070,<unk>,-0.818032,rural,-0.793005
90,0,2.13216448,0.019660,save,2.603770,b,1.756630,plot,1.747290,plot,1.562840,your,1.544340,shocked,-1.416120,hesitate,-1.232430,chemistry,-1.030890,s,-0.987319,<unk>,-0.906501
91,0,1.00657022,0.019670,fraud,1.952810,such,1.686700,such,1.652380,worse,1.491790,terrible,1.437280,elton,-1.586730,wray,-1.315120,great,-1.221030,take,-1.030410,<unk>,-0.969876
92,0,-2.63318419,0.019656,talk,1.985170,khan,1.645770,line,1.293470,ok,1.187050,actors,1.154820,<unk>,-0.895409,<unk>,-0.845953,<unk>,-0.795771,<unk>,-0.788282,<unk>,-0.773821
93,0,2.15369344,0.022246,scenes,2.311810,itself,2.164340,boring,1.921990,scenes,1.895460,myself,1.764180,me,-1.275600,me,-1.232010,fits,-1.175960,shaky,-1.157580,1999,-0.960559
94,0,-1.77111709,0.019812,leading,2.157420,scenes,2.057670,plot,1.805030,they,1.497550,bad,1.398590,smile,-2.456640,smile,-1.805700,now,-1.522200,well,-1.295120,type,-1.079690
95,0,-4.23649406,0.019659,reflects,1.858590,actors,1.110040,props,0.870310,leads,0.828851,out,0.663995,masterpiece,-1.386750,right,-1.010450,beautiful,-1.009320,love,-0.880828,me,-0.859880
96,0,1.51211107,0.019660,plot,2.139000,plot,1.893280,low,1.521440,spin,1.385870,line,1.348390,think,-1.218210,think,-1.198410,flick,-1.141910,general,-1.101710,think,-1.042890
97,0,-3.62796426,0.019659,cooler,1.572350,stunned,1.443400,case,1.432800,such,1.211260,eager,0.871304,now,-1.138180,moon,-0.779605,right,-0.778813,magnificent,-0.750833,world,-0.725790
98,0,-2.84548974,0.020656,previous,1.579110,plot,1.326900,banking,1.208230,bad,1.161970,nowhere,0.703759,norman,-1.358070,slapstick,-1.034380,<unk>,-0.909394,product,-0.818630,s,-0.817820
99,0,0.544773996,0.019686,count,2.008050,worst,1.754050,creative,1.531280,make,1.431800,disappointing,1.207100,well,-1.361420,<unk>,-1.031300,<unk>,-0.954189,carrey,-0.943261,credit,-0.940185
100,0,3.54481912,0.019670,lame,2.615460,someone,1.603730,plot,1.603610,they,1.592400,make,1.401250,inside,-1.957980,twists,-1.513390,me,-1.398960,written,-1.102250,become,-1.058330
101,0,-3.40974212,0.019663,such,1.438980,interiors,1.341290,sexual,1.245320,dialog,1.032650,sexual,0.936406,lies,-0.969338,elegant,-0.887758,brings,-0.823241,smart,-0.804454,<unk>,-0.571174
102,0,3.18770266,0.019688,saying,2.160100,lately,1.742190,they,1.630540,video,1.181250,falls,1.109480,me,-1.673590,me,-1.395570,see,-0.957778,<unk>,-0.901891,rating,-0.798173
103,0,0.652530134,0.020234,awful,2.861660,awful,2.631870,awful,2.605100,nothing,1.659680,?,1.390400,care,-1.161800,care,-1.120590,care,-1.065950,care,-1.035650,whining,-0.988825
104,0,-1.34837604,0.019665,waste,2.292240,nearly,2.246890,myself,1.525980,sort,1.482050,mad,1.382590,love,-1.665150,space,-1.549260,unabashed,-1.467100,franchise,-1.155460,max,-1.084910
105,0,-1.57372808,0.019659,thriller,2.586320,outlandish,2.057710,incoherent,1.979810,dialogue,1.565690,recent,1.176950,evidently,-1.311490,guardian,-1.248010,strong,-1.083740,<unk>,-0.987086,<unk>,-0.940974
106,0,-3.28811836,0.019665,rich,1.928100,becker,1.330910,equally,1.279740,cross,1.165520,children,0.793572,bates,-1.075450,beautiful,-1.035690,fantasy,-0.880282,best,-0.820643,enjoyable,-0.677798
107,0,4.92006207,0.019670,approaching,1.596380,plot,1.563500,wooden,1.348740,they,1.276470,stoner,1.273050,me,-1.040140,also,-0.961286,<unk>,-0.876361,definitely,-0.871099,<unk>,-0.865148
108,0,2.90762949,0.020481,awful,2.544600,football,2.253470,imprisoned,1.295600,badly,1.254150,pitiful,1.242830,entertaining,-1.249010,written,-1.239480,s,-1.059850,<unk>,-0.952492,<unk>,-0.951527
109,0,1.73324859,0.019666,they,2.045900,1,1.935810,weaving,1.615490,?,1.485590,up,1.451500,office,-1.640100,hugo,-1.486490,victoria,-1.343700,<unk>,-1.139720,<unk>,-1.128490
110,0,-3.39730525,0.019665,n,1.481630,screenwriter,1.196230,dolls,1.043940,35mm,1.023780,technicolor,1.012130,remembered,-1.244620,stereo,-1.038010,trim,-0.936619,smith,-0.823272,works,-0.754547
111,0,-3.27274179,0.019663,room,1.630700,room,1.264090,only,0.757194,older,0.681292,theatre,0.579939,2005,-1.296640,subtle,-0.857179,meeting,-0.792549,tells,-0.692190,<unk>,-0.679750
112,0,-3.26630712,0.020617,?,1.335950,?,1.138670,worth,1.080970,your,1.063330,but,0.939497,history,-1.090840,gag,-0.974477,well,-0.946089,backdrop,-0.835625,across,-0.819566
113,0,3.91202378,0.019688,worst,2.037680,worse,1.287400,thing,1.200250,anything,1.156830,off,1.143660,work,-0.927096,great,-0.877746,almost,-0.876018,on,-0.744515,on,-0.741141
114,0,4.13578939,0.019664,they,1.321790,?,1.236580,?,1.219650,person,1.209450,?,1.087690,inside,-1.461630,lot,-1.435090,murder,-0.999612,murder,-0.876301,and,-0.791531
115,0,3.00051188,0.019660,plot,1.865670,bad,1.659320,actors,1.563080,plot,1.552390,terrible,1.208010,often,-1.677880,decision,-1.646990,lot,-1.419930,starting,-1.247120,me,-1.244420
116,0,-2.99499798,0.019660,awful,1.365730,case,1.304270,quickly,1.296400,they,1.259750,they,1.218250,buck,-0.862438,allow,-0.853488,<unk>,-0.832974,now,-0.830178,<unk>,-0.811458
117,0,7.54895735,0.020597,they,1.524810,summary,1.324010,plot,1.282740,worse,1.264780,up,1.223160,<unk>,-0.872501,package,-0.829247,picked,-0.757292,redeemed,-0.715960,dvd,-0.701155
118,0,-1.8709358,0.019692,madonna,1.766490,madonna,1.573980,bad,1.525790,madonna,1.335270,madonna,1.204810,hilarious,-2.187540,comedic,-1.108750,pure,-1.086770,plays,-0.977727,see,-0.926784
119,0,-1.55059493,0.019662,actress,2.000480,stahl,1.723620,too,1.150280,nick,1.032040,an,0.931200,amazing,-1.929740,me,-1.479020,lot,-1.412160,probably,-1.018380,premiered,-0.825826
120,0,1.67846644,0.019663,plot,1.577700,low,1.432630,halfway,1.379250,children,1.274750,?,1.273130,fare,-1.937450,whats,-1.734780,inside,-1.572090,<unk>,-1.059440,police,-0.984066
121,0,0.770699143,0.019658,resting,2.695750,leading,2.384670,leading,2.076990,placed,2.019400,up,1.380380,examples,-1.652830,mummy,-1.610630,mummy,-1.558180,mummy,-1.464190,city,-1.318030
122,0,0.283208638,0.022291,case,2.360880,stories,2.014880,threatens,1.766690,less,1.443240,they,1.413810,includes,-1.773730,best,-1.516820,alive,-1.316470,excellent,-1.252750,entertaining,-1.198070
123,0,-2.75333071,0.019695,eleven,2.649810,eleven,1.571350,unfortunately,1.508010,wearing,1.303150,applied,1.253560,reached,-1.215420,now,-0.999218,norse,-0.953827,city,-0.933320,me,-0.928348
124,0,4.22661734,0.019660,ripped,2.476150,scenes,1.834450,painful,1.605890,miss,1.385120,bad,1.295500,bullock,-0.896176,soon,-0.834639,still,-0.833453,worry,-0.832831,actually,-0.827314
125,0,0.56497246,0.019662,ripped,2.252770,inept,2.158860,shamelessly,2.038970,sort,1.608930,important,1.594110,angel,-1.518740,charts,-1.395960,farmer,-1.382080,similar,-1.132400,territory,-1.102400
126,0,-0.473175734,0.019663,walker,1.938330,walker,1.540180,such,1.512520,impact,1.360370,appallingly,1.356390,approach,-1.764510,exciting,-1.622490,language,-1.233520,misfire,-1.117730,<unk>,-1.037920
127,0,-1.93971705,0.020588,boston,1.571440,tragedy,1.427710,distribution,1.284970,lack,1.221320,biggest,1.215880,winner,-1.238420,great,-1.013590,s,-0.959733,see,-0.934244,s,-0.914105
128,0,-4.52753925,0.019696,rich,1.552070,same,1.221840,based,1.196340,gorgeous,0.897343,novel,0.664173,beautiful,-0.964902,<unk>,-0.790708,acclaimed,-0.729191,<unk>,-0.712570,play,-0.677892
129,0,-3.09498286,0.019663,sexual,1.336520,bother,1.324700,profile,1.236690,?,1.024420,up,1.007290,callous,-1.028870,2005,-0.990311,americans,-0.749931,<unk>,-0.747647,desolate,-0.674009
130,0,-4.62894392,0.019666,case,1.270900,plot,0.836022,just,0.817889,crime,0.803349,crime,0.719419,right,-0.918005,twisting,-0.553133,<unk>,-0.539388,columbo,-0.536697,perfect,-0.512747
131,0,-3.19854283,0.019662,absolute,1.220580,thing,0.883052,house,0.817245,older,0.695010,days,0.640071,dad,-1.443520,dad,-1.045500,me,-0.690967,inside,-0.664461,its,-0.584631
132,0,-1.95740902,0.020968,leading,1.888970,case,1.793840,same,1.462270,complete,1.345770,extremely,1.249460,ruining,-1.483250,comes,-1.113310,comments,-1.112880,<unk>,-1.044250,me,-1.007590
133,0,2.35611892,0.019811,means,1.609190,utter,1.402290,utter,1.371230,according,1.221960,terrible,1.207960,avoided,-1.491070,choreographed,-1.488860,characterisation,-1.408650,buying,-1.028660,<unk>,-1.005650
134,0,-1.90339255,0.019658,plot,1.686200,dealt,1.552830,dealt,1.332100,make,1.062260,better,0.958605,favorite,-1.671810,funniest,-1.471010,favorite,-1.356270,simpsons,-1.178980,favorite,-1.166380
135,0,0.404993564,0.019667,honestly,2.537300,they,1.745880,they,1.736150,they,1.476890,part,1.149310,allow,-1.674180,well,-1.396050,me,-1.391100,review,-1.068440,s,-0.962403
136,0,-3.64915967,0.019661,such,1.079740,such,1.075990,person,1.057740,revolution,0.980060,dialogue,0.788737,produced,-1.414360,best,-1.012900,perfect,-0.719890,alliance,-0.711456,well,-0.699181
137,0,0.216583043,0.020575,based,1.781950,wasted,1.472320,based,1.351640,male,1.278500,crappy,1.241970,now,-1.626650,excellent,-1.411160,state,-1.039380,otherwise,-1.024460,<unk>,-0.810265
138,0,-3.03979993,0.019692,they,1.096540,sort,1.095180,thing,1.043920,many,0.901401,off,0.897111,<unk>,-0.910258,available,-0.729149,fly,-0.713820,well,-0.692347,<unk>,-0.671680
139,0,1.44718361,0.019669,religious,2.038910,chosen,1.996160,hopes,1.944690,prequel,1.734210,person,1.559630,amazing,-2.185780,comes,-1.279690,dry,-1.197500,mixing,-0.942433,near,-0.885684
140,0,3.33329964,0.019670,pregnant,1.729000,they,1.646030,less,1.350580,they,1.292350,nervous,1.270180,inside,-1.735450,lot,-1.409320,<unk>,-1.308690,ufo,-1.267900,<unk>,-1.256640
141,0,-2.56725931,0.019987,mcgregor,1.783660,plot,1.632500,boring,1.621420,redeeming,1.413110,they,1.383800,sad,-0.897554,<unk>,-0.891324,encounters,-0.822264,great,-0.782147,without,-0.740951
142,0,2.73650217,0.020598,ridiculous,1.649940,bad,1.637630,badly,1.552950,worth,1.544440,they,1.510190,includes,-1.802790,<unk>,-0.957736,score,-0.948884,<unk>,-0.940300,absolutely,-0.782956
143,0,1.08188045,0.019689,unoriginal,1.684980,nothing,1.629500,less,1.503580,nothing,1.433920,mental,1.284200,happy,-1.664120,enjoyable,-1.518140,love,-1.411180,patients,-1.026890,<unk>,-0.998573
144,0,0.341572732,0.019665,low,2.086340,insane,1.724300,such,1.514840,plot,1.502190,your,1.451320,performance,-1.297340,well,-1.256440,charlotte,-1.034280,flick,-1.024170,probably,-0.978698
145,0,-3.43498611,0.019661,important,1.215540,such,1.068290,carried,0.904135,part,0.703529,christopher,0.693575,late,-1.454450,late,-1.408530,beautiful,-0.834601,rant,-0.750347,solid,-0.714376
146,0,-2.56360459,0.019828,placed,1.550760,run,1.248160,stumble,1.051240,camera,0.926480,any,0.920015,new,-0.906116,well,-0.880127,police,-0.864017,<unk>,-0.792799,help,-0.752250
147,0,5.00042152,0.020263,defense,1.823370,worst,1.495330,itself,1.459130,itself,1.387340,must,1.307640,comes,-1.233030,play,-1.171210,sylvester,-1.137480,<unk>,-1.105040,stated,-1.029880
148,0,4.07590723,0.019690,saying,1.715260,they,1.529160,they,1.362880,?,1.231550,?,1.075270,s,-1.249160,<unk>,-1.246320,s,-1.155810,<unk>,-1.113860,<unk>,-1.059410
149,0,0.0731531605,0.019665,actor,2.379090,unfortunately,2.341940,intriguing,1.947260,low,1.579730,bad,1.486130,performance,-1.702050,history,-1.540330,simple,-1.414080,territory,-1.269300,well,-1.251350
150,0,2.10449266,0.019662,worse,1.565380,terror,1.508970,?,1.398330,kill,1.389560,victim,1.247490,target,-1.938710,works,-1.364730,<unk>,-1.279140,remorse,-1.213920,b-movies,-1.182470
151,0,-2.77281022,0.019662,/,1.238760,up,1.041960,while,0.925608,your,0.833727,but,0.693350,creators,-1.002880,lot,-0.901354,freedom,-0.837531,me,-0.812324,flick,-0.658318
152,0,3.1931963,0.022680,sequels,2.224470,benefit,1.797320,boorish,1.721710,they,1.639340,boorish,1.553200,plays,-1.252070,me,-1.217750,me,-1.156640,<unk>,-0.947455,<unk>,-0.936759
153,0,-3.4980967,0.019784,cannot,1.096310,fault,1.090660,problem,0.809119,but,0.729565,but,0.727468,produced,-1.294350,beautiful,-0.883870,reduced,-0.748707,excel,-0.723211,figure,-0.649351
154,0,-3.12835836,0.019663,equally,1.667190,such,1.092860,top,0.960819,1930s,0.911557,reviewed,0.781675,studios,-1.406390,ounce,-1.405320,kelly,-0.824556,roach,-0.742307,todd,-0.728386
155,0,-2.99731374,0.019662,hoot,1.706440,large,1.440720,properly,1.193580,less,1.076710,only,1.072560,curse,-1.380190,lot,-1.106980,series,-0.989558,<unk>,-0.918229,introduce,-0.791354
156,0,-2.32587647,0.019662,hated,1.190600,whereas,1.149320,wrong,1.111160,thing,1.055620,complete,1.045650,liked,-1.055790,27,-0.843442,marriage,-0.733134,williams,-0.716489,including,-0.690441
157,0,1.60926616,0.020874,actor,2.233880,plot,2.118020,supposed,1.833820,plot,1.815520,annoying,1.759710,mirrors,-2.097490,smart,-1.564280,usage,-1.203620,clone,-1.055710,think,-1.047680
158,0,-1.04305112,0.019686,pun,2.141010,hold,2.003210,they,1.872740,worst,1.699600,violent,1.698310,best,-1.565220,<unk>,-1.223980,bandit,-1.200510,story,-1.029120,its,-0.934685
159,0,2.78758502,0.019663,steven,3.747300,cured,1.842540,variation,1.836790,seagal,1.641250,plot,1.509850,equal,-1.392140,disbelief,-1.331480,carefully,-1.280990,carefully,-1.263000,supposedly,-1.212190
160,0,-1.42521322,0.019654,worst,2.499530,but,1.153810,but,0.997216,got,0.808367,cheap,0.805963,funniest,-1.790870,s,-0.950968,see,-0.887445,see,-0.838103,<unk>,-0.812849
161,0,5.02541161,0.019661,naive,2.159340,b,1.973220,1,1.608930,terrible,1.266050,lethargic,1.146100,wayne,-1.257440,s,-1.086210,stands,-0.997642,fun,-0.995160,and,-0.825996
162,0,-1.04645526,0.020795,they,1.813850,butcher,1.672300,they,1.539290,worse,1.395950,up,1.216770,<unk>,-1.204090,<unk>,-1.122670,<unk>,-1.015600,challenges,-0.973051,<unk>,-0.849511
163,0,-3.79281187,0.019680,based,1.180810,up,1.112500,longer,0.875234,burlesque,0.646879,films,0.589980,complex,-1.024840,surprisingly,-0.916078,complex,-0.818622,<unk>,-0.750435,confused,-0.726926
164,0,-2.99864602,0.019665,forgotten,1.512290,special,1.262360,discovery,1.258990,consider,1.133140,accidentally,1.100070,unexpected,-1.068670,1912,-0.981004,<unk>,-0.914696,genius,-0.864835,great,-0.778927
165,0,-2.55811286,0.019666,beloved,1.976610,low,1.516810,such,1.315040,video,1.289380,virus,1.127760,examples,-1.193660,futuristic,-1.079360,<unk>,-1.003000,<unk>,-0.874860,ultimate,-0.848074
166,0,-1.71187091,0.019660,plain,2.221590,your,1.338290,actors,1.337500,shouldn,0.981713,provides,0.923314,sass,-1.197870,best,-1.184720,lot,-1.151210,little,-0.860498,jennifer,-0.817397
167,0,9.60151863,0.020199,worst,1.545980,sit,1.348980,myself,1.174910,bad,0.995583,?,0.980096,say,-0.666995,on,-0.640503,tv,-0.639927,voight,-0.615319,this,-0.582788
168,0,-3.06499505,0.019687,whilst,1.197380,your,1.139810,less,1.086890,do,0.716802,computer,0.698425,simpsons,-0.837121,genius,-0.808343,genius,-0.758274,<unk>,-0.753156,<unk>,-0.667715
169,0,-3.3377645,0.019660,kill,1.081160,?,1.013870,but,0.902775,far,0.866873,?,0.857360,capable,-1.158310,<unk>,-0.886754,me,-0.722310,greater,-0.689788,me,-0.686360
170,0,-1.82801712,0.019659,same,1.447850,same,1.364180,adult,1.252070,up,1.087370,too,1.058250,twists,-1.523790,girlfriend,-1.441290,michelle,-1.228410,love,-1.176710,girlfriend,-1.107970
171,0,-3.99829125,0.019670,retread,1.182150,plot,1.148870,dialogue,1.059420,consider,0.927317,down,0.818775,love,-0.968259,best,-0.900204,happy,-0.779099,<unk>,-0.642090,see,-0.641279
172,0,-1.57761967,0.020633,dialog,1.413820,they,1.399760,watching,1.195070,dialog,1.165900,worth,1.084670,now,-1.463170,lot,-1.116080,loved,-0.965727,<unk>,-0.954456,<unk>,-0.950738
173,0,-2.6230123,0.019684,annoying,1.488790,mad,1.470980,bottom,1.385370,they,1.283480,promise,1.163080,now,-1.278030,competent,-1.147340,simon,-1.043300,<unk>,-0.953565,<unk>,-0.948233
174,0,3.37001514,0.019664,bad,1.486610,experiment,1.455480,according,1.382660,rash,1.349890,couple,1.344380,murders,-1.647950,unstoppable,-1.214640,beset,-1.152100,fright,-1.107160,startling,-1.054890
175,0,3.17371345,0.019658,scenes,2.009260,boring,1.957010,worst,1.843290,nothing,1.563250,bad,1.417460,foxy,-1.224760,<unk>,-1.145080,<unk>,-1.127780,<unk>,-1.063490,<unk>,-1.060380
176,0,-2.53574443,0.019659,important,1.715980,dream,1.279200,celebration,0.975063,key,0.960201,economic,0.872314,obstacles,-1.151100,approval,-1.086530,overcome,-1.047250,also,-0.816053,both,-0.743828
177,0,-0.748645723,0.020566,lazy,2.079450,saying,1.934180,folks,1.880940,?,1.723980,they,1.594600,franchise,-1.475380,series,-1.351680,play,-1.304480,think,-1.256340,play,-1.228740
178,0,-2.65797567,0.019698,whiner,1.636400,dialog,1.171160,too,1.096460,just,0.984755,imho,0.956786,smile,-1.385770,smart,-1.218420,bit,-0.948718,me,-0.923912,and,-0.711228
179,0,-2.66665626,0.019668,criticize,2.448050,they,1.586620,bad,1.445870,anything,1.399770,stereotypical,1.292130,dirty,-1.360670,ably,-1.295220,well,-0.889168,gotten,-0.868763,<unk>,-0.826263
180,0,-2.0438056,0.019668,such,1.298530,suffice,1.257100,broadcast,1.253960,thing,1.232230,remained,1.003900,remembered,-1.526260,moved,-1.417110,child,-1.315840,me,-1.059240,me,-1.046290
181,0,-0.192195654,0.019666,mock,1.504860,?,1.420830,make,1.119920,too,1.045470,part,1.016650,best,-1.896380,well,-1.339750,charm,-1.191880,loved,-0.943354,documentary,-0.914804
182,0,0.999303639,0.020292,nearly,2.376590,run,1.592440,same,1.446380,rather,1.396270,they,1.359980,now,-1.662080,<unk>,-1.116110,caused,-1.062420,s,-1.027190,<unk>,-1.020520
183,0,1.29779375,0.019695,lame,2.726840,worst,2.178970,scenes,2.137450,stories,1.712290,redeeming,1.613930,camerawork,-2.087200,watches,-1.695830,performance,-1.621130,unusually,-1.326160,probably,-1.243720
184,0,1.04114401,0.019665,damn,2.301780,western,2.231560,someone,1.892610,they,1.652050,bury,1.606250,huh,-1.406500,thus,-1.387210,me,-1.373290,summed,-1.364200,town,-1.203230
185,0,-3.37027764,0.019687,bad,1.642260,couple,1.590250,an,1.181950,2,1.054560,idiotic,0.999569,simple,-1.072310,story,-1.041580,series,-0.982212,story,-0.839729,bit,-0.825214
186,0,0.37553525,0.019689,awful,2.252380,onto,1.785710,same,1.527230,watching,1.483410,same,1.421300,topping,-1.262920,see,-1.024700,erotic,-0.940721,surprised,-0.923638,<unk>,-0.912448
187,0,4.11609983,0.021173,plain,2.001750,they,1.753930,brother,1.717210,common,1.444720,they,1.369740,brothers,-1.481900,feelings,-1.288040,love,-1.246930,doubtful,-1.185130,<unk>,-0.920416
188,0,5.6351862,0.019667,cross,1.680830,awful,1.557330,?,1.363660,none,1.259840,wrong,1.138500,best,-1.318720,legit,-1.088320,said,-0.983254,story,-0.891078,likes,-0.834021
189,0,-2.63637948,0.019661,too,1.103570,too,1.086270,up,1.058770,special,0.992848,too,0.880932,captivating,-1.210580,play,-1.062190,enjoyable,-0.996857,invited,-0.959494,loved,-0.946239
190,0,-3.44843268,0.019660,they,1.376250,forgiveness,1.336460,important,1.263070,three,1.109810,worth,0.948528,trust,-1.192330,love,-1.091770,brothers,-1.090200,performance,-1.032670,often,-0.874620
191,0,4.08611107,0.019664,placed,1.695090,case,1.663110,placed,1.508770,identification,1.446800,needless,1.209690,solid,-1.467250,earlier,-1.129840,murder,-0.883746,hbo,-0.878205,<unk>,-0.878031
192,0,-1.10319495,0.020636,actors,1.990190,miss,1.641720,anything,1.639430,make,1.181990,fell,0.963270,love,-1.592780,love,-1.247630,loved,-1.108550,loved,-1.005910,surprises,-0.979035
193,0,-3.2841661,0.019660,must,1.319790,watching,0.988048,trying,0.956991,house,0.895649,knew,0.881816,best,-1.121070,history,-0.868948,documentary,-0.643086,say,-0.636304,me,-0.631275
194,0,-4.07129383,0.019659,important,1.077380,executed,1.015480,out,0.648318,afraid,0.646959,politics,0.644819,decides,-0.797875,<unk>,-0.777799,funniest,-0.612196,ground,-0.472574,where,-0.452970
195,0,-2.42632771,0.019659,responsibility,1.643910,embarrassed,1.331580,top,0.867923,win,0.777591,local,0.745731,surprisingly,-1.497030,best,-1.228260,best,-1.135750,best,-1.076500,florida,-1.047550
196,0,-2.52987099,0.019667,sit,1.781010,alcoholic,1.603550,couple,1.149380,too,1.098670,fast,1.012510,simon,-1.073070,wanting,-1.015270,simon,-0.972277,series,-0.850236,well,-0.777599
197,0,4.41367149,0.020106,bad,1.779860,row,1.652840,bad,1.554680,b,1.475570,b,1.350080,trust,-1.659790,well,-1.484790,me,-1.161980,shown,-0.880878,hangs,-0.813787
198,0,-2.59172893,0.019662,exercise,1.858810,official,1.630040,formula,1.569990,sequence,1.431980,sequence,1.192110,<unk>,-0.902258,<unk>,-0.777213,<unk>,-0.765029,including,-0.758834,without,-0.752688
199,0,4.94920158,0.019660,tries,2.837250,tries,2.378710,already,1.852390,actors,1.351740,they,1.223650,misfit,-1.287330,scream,-1.059860,asian,-1.022770,two,-0.890999,story,-0.885199
200,0,3.21965289,0.019836,tries,2.251330,scenes,1.651990,horrible,1.526210,national,1.400750,actors,1.371940,lot,-1.166780,where,-0.969047,s,-0.825341,also,-0.820733,s,-0.814838
201,0,-1.37973177,0.019692,?,1.678090,bother,1.525430,bunny,1.436000,precocious,1.381720,violent,1.330760,independent,-1.926830,where,-0.942525,similar,-0.915508,universe,-0.883646,handle,-0.839026
202,0,-2.51245499,0.020124,crime,1.655550,thriller,1.504470,national,1.311650,they,1.213390,up,1.063290,quentin,-1.035630,partner,-0.966343,<unk>,-0.849527,zoe,-0.838009,well,-0.791197
203,0,-2.80224633,0.019659,case,1.711550,won,1.158270,they,1.126790,hospital,0.927975,tearing,0.911498,target,-1.430520,best,-1.303240,<unk>,-0.725823,<unk>,-0.665192,<unk>,-0.651595
204,0,-1.00670159,0.019843,rather,1.904710,sort,1.386070,anything,1.316660,idea,1.234800,emotionally,1.228990,excellent,-1.360640,examples,-1.353590,provocative,-1.220600,me,-1.208280,basic,-1.087260
205,0,-2.97520638,0.019688,cross,1.653440,trying,1.446740,activities,1.381800,they,1.321970,brother,1.274400,decides,-1.388010,<unk>,-1.059500,capture,-1.055740,greene,-1.031300,<unk>,-0.990043
206,0,-1.13886869,0.019662,saying,1.768890,dining,1.659090,they,1.346780,nothing,1.175600,talent,1.089830,happy,-1.385760,distressed,-1.318840,orleans,-1.277110,elegant,-1.151470,plays,-1.147190
207,0,-0.890049398,0.019739,dubbing,2.009450,complaining,1.729310,ok,1.536200,faces,1.474380,actors,1.397810,cares,-2.026210,happy,-1.640910,dubbed,-1.300160,dubbed,-1.269270,me,-1.186010
208,0,0.0962358639,0.019662,poorly,2.308590,awful,1.846690,extreme,1.760020,such,1.601430,redeeming,1.599190,supporting,-1.476370,creators,-1.455340,<unk>,-1.233590,me,-1.107600,me,-1.107360
209,0,-1.82353878,0.019664,myself,1.947150,supposed,1.868200,they,1.594690,viewers,1.440320,whereas,1.355120,and/or,-1.543390,alcohol,-1.241670,lot,-1.152370,subsequently,-0.952673,<unk>,-0.952216
210,0,1.95323813,0.019673,awful,2.370550,rambling,2.257180,myself,1.851190,itself,1.832610,saying,1.626600,lear,-1.683770,physicians,-1.539700,lot,-1.464080,city,-1.285180,comprised,-1.262340
211,0,-3.50992703,0.019661,sequence,1.138100,up,1.032830,up,0.637790,too,0.567792,m,0.512193,well,-0.645807,brings,-0.628826,me,-0.591233,think,-0.585634,well,-0.543533
212,0,-3.2764535,0.020216,rich,2.034340,trying,1.020890,trying,0.960957,views,0.914237,havoc,0.839281,capture,-0.779917,overcome,-0.735800,aerial,-0.709612,love,-0.691526,history,-0.668839
213,0,3.89440513,0.019661,corman,1.612380,clearly,1.490280,they,1.474930,same,1.294860,vampires,1.180690,smart,-1.549160,captain,-1.494490,lot,-1.412490,science,-1.378820,erika,-1.133710
214,0,0.756848931,0.019663,they,1.875390,they,1.776430,such,1.666610,tragedies,1.503730,wrong,1.361800,favorite,-1.618910,meanwhile,-1.441640,great,-1.231400,see,-1.023790,little,-1.021630
215,0,-1.11497092,0.019658,bad,1.723230,they,1.636910,off,1.396950,idea,1.184360,origin,1.090540,right,-1.759940,play,-1.179100,<unk>,-1.168600,studio,-1.000560,moore,-0.984239
216,0,-1.67601597,0.019664,bad,2.076290,stakes,1.892500,winds,1.753740,winds,1.430430,up,1.246430,right,-2.138340,ground,-1.468310,town,-1.427770,figures,-1.168200,hole,-0.941521
217,0,-1.28640318,0.020194,cross,2.150930,plot,1.845080,pink,1.781740,watching,1.780040,worth,1.474380,egg,-1.242850,hooked,-1.041140,<unk>,-0.915720,<unk>,-0.876710,<unk>,-0.856153
218,0,3.88534856,0.019825,awful,1.818980,steps,1.721110,saved,1.617140,bother,1.505440,redeeming,1.259520,me,-1.432000,me,-1.140020,serves,-1.117960,39,-1.105310,cheapjack,-0.991083
219,0,3.92747235,0.019655,plot,2.163400,anything,1.499880,unless,1.459990,nothing,1.423070,many,1.010290,without,-1.129350,forget,-1.034130,time,-0.918786,never,-0.805982,its,-0.800995
220,0,4.17265892,0.019674,boring,1.881940,snipers,1.844510,cannot,1.810030,awful,1.710670,cave,1.615790,knocked,-1.979000,science,-1.497670,oddly,-1.389690,lot,-1.344550,finally,-1.218230
221,0,2.27647805,0.019684,potential,1.983410,ruined,1.782210,wrong,1.455040,money,1.266690,horrible,1.259560,love,-1.829210,now,-1.786260,story,-1.340990,charm,-1.264680,moore,-1.067060
222,0,5.96059799,0.019661,they,1.604850,waste,1.450640,they,1.412030,except,1.404380,saved,1.348540,smart,-1.512380,generated,-1.111870,model,-1.008580,s,-0.943511,time,-0.934260
223,0,-0.048138164,0.019666,worst,2.247370,folks,1.915770,less,1.717710,message,1.504210,make,1.327420,best,-1.529570,best,-1.519370,type,-1.369890,me,-1.229950,<unk>,-1.177130
224,0,0.0268547758,0.019664,search,2.437840,bad,1.970710,lately,1.778730,excited,1.753150,watching,1.493120,eddie,-1.134580,<unk>,-1.096770,shaky,-1.027540,bandit,-1.012580,also,-1.012380
225,0,-2.522717,0.019658,actor,2.373220,they,1.373320,name,1.020040,make,0.929391,drunken,0.914218,unclear,-1.528130,surprisingly,-1.391250,series,-1.111660,1980,-1.086570,elton,-0.969350
226,0,-1.26504385,0.019684,precisely,1.319960,expect,1.233600,many,1.141590,consumed,1.120030,consumed,1.088140,dismissed,-1.582870,happy,-1.551890,space,-1.547740,<unk>,-1.061600,wong,-1.040720
227,0,3.77125788,0.021023,scenes,1.979940,plot,1.692060,they,1.581660,thriller,1.541950,bad,1.400130,best,-1.771820,fare,-1.627890,well,-1.299950,worn,-1.291990,totally,-1.087820
228,0,-0.683586419,0.019663,1,2.055270,important,1.721390,telegraph,1.328620,fights,1.259080,early,1.245380,deeply,-2.077840,electric,-1.308720,electric,-1.301770,electric,-1.178350,<unk>,-1.130270
229,0,-2.68481946,0.019661,milland,1.289820,plot,1.077270,better,0.910907,aubrey,0.905827,children,0.835538,comedic,-1.014760,performance,-0.954066,smith,-0.896023,<unk>,-0.831584,smith,-0.818942
230,0,0.196726024,0.019665,torture,2.194080,they,1.763300,they,1.699200,/,1.567350,same,1.347670,series,-1.428240,chop,-1.375310,me,-1.310860,tongue,-1.098890,me,-1.033770
231,0,4.28366899,0.019662,boring,1.618270,already,1.477360,already,1.457970,someone,1.326900,?,1.286710,right,-2.248490,water,-1.579430,ground,-1.340240,series,-1.338210,series,-1.256960
232,0,0.303147644,0.020225,miss,1.880600,bad,1.639020,insane,1.607230,they,1.561760,they,1.427920,hilarious,-2.449400,best,-1.759140,norman,-1.682030,guardian,-1.455230,max,-1.216240
233,0,-3.0991323,0.019662,laughable,2.060170,?,1.665900,important,1.432190,itself,1.375960,such,1.266200,conventions,-1.177860,best,-1.075130,where,-0.994092,well,-0.894670,outside,-0.884859
234,0,2.70651698,0.019659,actors,1.498620,based,1.443850,person,1.208160,subtleties,1.062920,people,0.966026,well,-1.377180,plays,-1.310450,french,-0.888247,say,-0.885549,and,-0.878704
235,0,4.3773756,0.019665,guns,2.607930,western,2.079340,actor,2.039470,brother,1.608280,bad,1.511980,bandits,-1.542570,performance,-1.317180,town,-1.290640,<unk>,-0.920867,both,-0.897102
236,0,1.10855293,0.019662,sit,2.208200,rich,2.192870,?,1.316450,?,1.253600,?,1.251560,rebellious,-1.282810,smart,-1.280610,me,-1.237230,finally,-1.153130,me,-1.140760
237,0,2.66068912,0.021319,they,1.537890,message,1.366140,off,1.362910,less,1.350210,house,1.307580,best,-1.582490,lot,-1.517770,entertaining,-1.335810,well,-1.303830,well,-1.270190
238,0,-2.98987079,0.019666,stories,1.246200,plot,1.214030,idea,1.105890,expect,1.074630,up,1.040440,space,-1.147830,space,-1.128200,numerous,-1.090920,me,-0.933046,immensely,-0.854803
239,0,0.761596859,0.019658,awful,2.155700,they,1.663100,relative,1.323820,couple,1.318290,but,1.047530,independent,-1.757940,finally,-1.232670,me,-1.205380,studio,-1.026770,see,-1.016840
240,0,0.222200572,0.019664,helpful,2.153810,hold,2.051090,1,1.891140,cross,1.662750,cannot,1.479820,alive,-1.286720,meeting,-1.146860,rabid,-1.044090,<unk>,-1.011240,<unk>,-0.939718
241,0,-1.69382107,0.019661,wasted,1.603210,dream,1.595140,convincing,1.251280,drug,0.965948,an,0.957047,best,-1.927450,well,-1.377570,hopelessness,-1.250300,excellent,-1.132640,flick,-0.926892
242,0,-1.14762414,0.019688,save,2.732400,onto,1.440840,bike,1.184900,down,0.953113,people,0.935796,hilarious,-2.080600,funniest,-1.718420,anime,-1.480810,finally,-1.333520,city,-1.199990
243,0,-2.56833839,0.019663,directing,1.827720,based,1.129450,up,1.062030,make,0.988044,actual,0.865982,now,-1.158800,great,-0.846588,other,-0.733578,loved,-0.720391,components,-0.706451
244,0,-2.95725608,0.019661,judged,1.535540,honest,1.101820,visuals,1.083380,recent,1.051830,programme,1.047670,well,-1.156440,immensely,-1.032870,finely,-0.965891,also,-0.950711,written,-0.941439
245,0,-0.573411167,0.019659,trying,1.416420,they,1.368480,gorgeous,1.365080,same,1.335060,mob,1.305640,fastest,-1.773330,wagner,-1.274670,robber,-1.167150,where,-1.064750,funeral,-1.036730
246,0,-2.90724349,0.019662,listen,1.901840,disgrace,1.798360,nigh,1.732990,someone,1.666060,person,1.159660,deeply,-1.279320,defined,-1.170580,series,-1.011660,comic,-0.937575,series,-0.896553
247,0,-2.60232663,0.019690,scenes,1.507430,errol,1.465010,they,1.447830,nothing,1.397020,make,1.176990,fantasy,-1.282510,best,-1.219560,best,-1.150400,magnificent,-1.059930,enjoyable,-1.015670
248,0,0.830234826,0.019672,extreme,1.682430,worse,1.613100,wes,1.574010,anything,1.542890,up,1.449260,firmly,-1.628400,measure,-1.556200,usa,-1.463250,girlfriend,-1.424080,needn,-1.347200
249,0,-0.164581448,0.019663,boris,2.620920,boris,2.585180,search,2.578470,wilderness,2.267190,rather,1.571110,comes,-1.476610,mountains,-1.426410,stirred,-1.304970,fur,-0.939425,<unk>,-0.933858
250,0,1.49967313,0.019694,awful,2.216170,miss,2.213520,roberts,2.093020,miss,1.831430,plot,1.769430,powers,-1.479530,<unk>,-1.168000,<unk>,-1.113540,<unk>,-1.080400,where,-1.079860
251,0,-2.96984196,0.019676,one-man,1.235360,sense,1.006580,seen,0.704258,',0.681136,',0.509985,leguizamo,-1.836310,funniest,-1.642430,well,-1.377160,s,-0.920255,john,-0.838435
252,0,-3.64008713,0.019669,line,1.231130,kill,1.064190,listen,1.017000,someone,0.946850,cold,0.721549,brings,-0.804757,great,-0.721438,fire,-0.644209,overcome,-0.626503,pushes,-0.584205
253,0,3.10554433,0.019659,save,3.001900,case,2.048590,actors,1.519610,dramatic,1.503010,bad,1.391030,preceded,-2.197870,performance,-1.591630,comedic,-1.430500,showcase,-1.407600,comes,-1.348810
254,0,-2.92800546,0.019660,low,1.684920,video,1.424770,far,0.865551,bone,0.781843,credits,0.775610,tenants,-1.485480,right,-1.193120,apartment,-1.052490,city,-0.995462,s,-0.828377
255,0,-3.70216012,0.019664,wasted,0.941881,but,0.692540,problem,0.590329,out,0.571106,half,0.543836,dad,-0.921299,lot,-0.643374,fantasy,-0.591670,father,-0.541018,<unk>,-0.533557