sample,class,logit,time,top1_token,top1_shap,top2_token,top2_shap,top3_token,top3_shap,top4_token,top4_shap,top5_token,top5_shap,bottom1_token,bottom1_shap,bottom2_token,bottom2_shap,bottom3_token,bottom3_shap,bottom4_token,bottom4_shap,bottom5_token,bottom5_shap
0,0,-0.787300289,2.352000,around,4.654070,madonna,4.190043,when,2.368349,batch,1.758143,miss,1.223191,ground,-6.714673,gawd,-2.939340,excellent,-1.760386,beautiful,-1.690880,.,-1.314455
1,0,-1.93163264,2.337000,one,2.622686,have,2.031373,neither,1.866739,runtime,1.305989,an,1.099230,new,-4.603156,different,-3.677832,well,-2.557190,including,-1.072207,<unk>,-0.772268
2,0,2.09230399,2.334000,they,5.794147,there,4.296851,nearly,2.943901,a,1.653055,be,1.060422,under,-2.647396,from,-2.383566,movie,-1.744820,on,-1.628581,water,-1.467247
3,0,-2.28935552,2.353000,should,2.388927,the,1.475019,talk,1.457241,underground,0.941414,rarely,0.905472,bring,-4.185294,glasses,-1.748678,.,-1.344099,where,-1.235301,dark,-1.233178
4,0,3.46238017,2.344000,box,3.548956,don,3.295418,saying,2.565164,trials,2.433803,have,1.345511,basic,-3.119356,now,-2.694810,outlaw,-2.084397,take,-1.946801,job,-1.491038
5,0,2.64524484,2.334000,.,1.887048,going,1.832910,exception,1.681382,64,1.679936,gave,1.199453,right,-3.300904,it,-2.258357,game,-2.248494,7,-0.854814,<unk>,-0.846429
6,0,2.08829904,2.337000,?,5.156944,really,5.091190,be,2.454875,?,1.768370,wanna,1.354652,heavy,-6.503486,this,-2.512020,jennifer,-2.496350,favorite,-1.571260,offer,-1.365291
7,0,-2.49602127,2.348000,they,12.761779,kid,6.798441,country,2.620057,ideas,1.945935,call,0.987319,i,-4.413402,moved,-4.225624,in,-3.145371,and,-3.138105,me,-1.678800
8,0,-2.31539559,2.344000,they,5.013407,to,2.741257,?,2.387900,before,1.916442,throw,1.833741,soundtrack,-4.849299,",",-3.500029,today,-1.944493,<unk>,-1.637188,t,-1.623020
9,0,-3.07767963,2.346000,',5.817627,this,2.199193,line,1.838348,crappy,1.595062,exactly,1.288953,where,-6.564846,place,-5.562750,",",-2.175915,right,-1.848629,lot,-1.692203
10,0,4.43383694,2.351000,have,5.232543,the,2.149792,dream,2.006279,admirer,1.571677,pretty,1.565624,months,-4.736063,on,-3.508433,students,-3.149380,and,-1.074255,film,-1.058607
11,0,-3.77693129,2.334000,providing,5.514921,depth,1.877158,cheap,1.387545,drama,1.127098,abusive,0.952801,s,-4.137965,is,-2.016883,viewer,-1.898504,more,-1.689324,creating,-1.519764
12,0,3.56254077,2.348000,rambling,7.785289,development,3.446411,boring,2.732190,complete,2.130609,was,1.571633,wordy,-3.998290,<unk>,-2.581588,if,-1.844535,at,-1.462442,stereotypes,-1.461671
13,0,-3.31042361,2.345000,his,1.656030,this,1.383831,or,1.203016,not,0.925051,but,0.611768,play,-3.770483,cinema,-2.328212,scare,-1.444524,laughed,-0.917608,<unk>,-0.803919
14,0,-0.954612613,2.347000,the,3.892888,just,3.359497,couple,2.787463,turns,1.773232,there,1.584262,my,-4.783204,married,-2.662471,-,-2.638892,.,-1.300233,fabio,-0.832664
15,0,4.50286579,2.348000,wig,5.903611,they,3.037105,bad,2.174506,the,2.047663,.,1.962282,mixed,-3.239123,ozzy,-2.432568,s,-2.183496,other,-2.160400,very,-2.027301
16,0,2.00892186,2.344000,reckon,2.991830,hold,2.607014,nice,2.369816,values,2.197670,',1.887254,twists,-3.544254,shots,-2.646696,t,-2.232370,along,-1.988010,toronto,-1.686878
17,0,3.67902017,2.340000,the,4.294192,ideas,2.848192,to,2.755251,vatican,2.594298,his,1.918684,<unk>,-3.743162,it,-3.557618,see,-2.373015,of,-1.691996,s,-1.679244
18,0,-3.30580068,2.348000,people,6.834392,his,1.868460,scenes,1.321281,eager,1.146449,the,0.997103,<unk>,-4.218065,pictures,-3.266499,of,-1.979227,entertainment,-1.964109,as,-1.134074
19,0,-3.02093053,2.346000,a,2.222608,carrie,2.067029,year,1.914090,scenes,1.887573,incredibly,1.731574,comic,-5.728895,is,-2.897082,magic,-2.703807,<unk>,-1.545239,funniest,-1.527836
20,0,-3.50092769,2.344000,i,2.441016,yesterday,0.611771,i,0.499339,they,0.390095,had,0.374262,and,-5.077388,naturally,-2.682463,dad,-0.398253,both,-0.349784,s,-0.292250
21,0,4.77313137,2.348000,not,2.081498,judgement,1.544932,whilst,1.521440,seen,1.401715,watching,1.390637,as,-2.182859,never,-2.142359,film,-2.055491,well,-1.222473,enjoyable,-1.170639
22,0,-3.0141747,2.345000,',5.810625,amanda,3.838539,richard,1.583489,hilt,1.227258,exploited,1.019225,ashore,-4.538221,de,-3.993307,martino,-3.579930,<unk>,-1.828159,bach,-1.066695
23,0,2.34486461,2.346000,rich,5.097717,voices,4.325608,exception,1.654423,with,1.578923,politics,1.537783,their,-4.239198,by,-3.606173,great,-3.402687,help,-1.182739,and,-1.059403
24,0,-2.84641314,2.336000,myself,4.792392,be,4.179160,people,2.040159,people,1.532380,watchable,1.194151,<unk>,-6.194067,her,-2.601958,said,-1.418250,time,-1.141670,michael,-1.003576
25,0,1.37312412,2.325000,crooked,4.558504,actors,3.733532,remind,3.122920,to,2.706401,people,2.445758,<unk>,-3.469348,new,-3.016871,<unk>,-2.497706,<unk>,-2.081197,of,-1.995118
26,0,-0.205818772,2.329000,your,2.727889,scenes,2.302404,except,2.043972,gun,1.557766,flight,1.104965,has,-3.350565,of,-1.981805,my,-1.607331,love,-1.538824,excellent,-1.527953
27,0,-2.33388042,2.348000,dye,4.611064,bad,4.449573,was,3.780011,the,2.410824,',2.049625,and,-4.913375,watch,-3.894815,cast,-3.635227,magnificent,-2.785612,greater,-2.198899
28,0,-3.31220007,2.344000,plot,11.161414,his,1.309654,inevitable,1.302454,.,1.144210,the,0.966749,and,-5.080716,and,-4.118715,when,-2.026790,great,-1.970145,<unk>,-1.895273
29,0,-3.34122872,2.347000,based,7.192940,case,2.565225,nearly,2.254754,the,1.173838,the,1.004846,",",-3.507347,film,-3.117015,late,-1.544687,for,-1.413605,television,-1.318582
30,0,-3.25661016,2.348000,island,3.230769,),1.625912,a,1.178626,the,0.846466,they,0.819698,genre,-3.728290,in,-3.136369,on,-1.523582,bach,-1.488778,<unk>,-1.351922
31,0,-3.53452301,2.335000,',2.761389,to,2.733233,really,2.596717,to,0.954161,clubs,0.694215,<unk>,-4.978204,my,-3.587694,see,-2.961135,s,-1.542032,best,-1.206025
32,0,-3.56667399,2.346000,actors,8.731862,.,1.013563,good,0.744140,woman,0.690513,but,0.684656,is,-3.440020,in,-3.134239,well,-2.527711,director,-1.960703,seems,-1.372390
33,0,-3.47647142,2.341000,i,1.227264,actors,0.634780,people,0.617178,charmed,0.420356,were,0.405838,it,-1.579468,.,-1.350295,.,-1.350295,story,-0.758095,as,-0.662929
34,0,5.32771206,2.340000,actors,5.022815,would,2.841919,too,2.402360,bad,2.322246,all,1.852889,and,-2.580932,left,-1.618155,stay,-1.430929,acting,-1.418084,shock,-0.822120
35,0,0.420359761,2.329000,2,4.601244,the,2.778490,woman,2.386373,',2.344605,background,1.981183,magic,-3.687624,men,-3.153687,hundreds,-2.560199,hilarious,-2.381462,of,-1.976094
36,0,0.406165987,2.339000,bought,5.258275,plot,2.685304,dramatic,2.316347,problem,2.270165,plot,1.373837,<unk>,-5.513087,",",-3.062311,comic,-1.779220,douglas,-1.669416,prominently,-1.524792
37,0,3.01745248,2.327000,they,4.125997,considering,2.066589,potential,1.972037,sake,1.629419,is,1.487377,<unk>,-6.251561,mockery,-3.056486,me,-1.975436,played,-1.682089,world,-1.091214
38,0,-2.09549308,2.325000,just,5.544446,but,3.212219,us,3.139275,in,0.889514,anything,0.811747,that,-6.704812,and,-4.204730,perspective,-2.827540,<unk>,-1.265889,t,-1.075884
39,0,3.19496822,2.338000,but,7.453731,shooting,2.551936,body,2.465629,death,1.857251,simply,1.840153,love,-9.874210,lovely,-3.941666,<unk>,-1.635476,knocked,-1.413396,beyond,-0.966611
40,0,-0.141875327,2.337000,really,5.089514,background,2.106747,mad,2.063219,they,1.534562,terror,1.425535,lady,-4.564289,little,-3.047117,<unk>,-2.899981,hilarious,-2.014707,.,-1.851261
41,0,3.58309293,2.335000,',2.540977,?,2.015066,was,0.995382,sort,0.942410,talented,0.884951,s,-2.484693,",",-2.055024,needle,-1.528431,now,-1.145762,<unk>,-0.812587
42,0,-2.47837186,2.337000,hurt,3.479631,crime,1.414986,movies,1.051758,only,1.019408,either,0.942084,resembles,-4.465724,their,-4.151433,probably,-3.036637,breathtaking,-1.044761,like,-0.990824
43,0,-0.873753607,2.335000,save,2.584627,the,2.126974,),2.109299,about,2.073381,sexual,1.157836,decent,-6.553074,makes,-2.158152,",",-1.640214,finally,-1.012525,exorcist,-0.800063
44,0,-1.31652665,2.326000,lame,6.535328,compelled,2.624822,way,1.970032,',0.994136,nobody,0.991185,their,-4.214064,you,-3.361797,tonight,-1.806181,like,-1.621737,act,-1.611941
45,0,-3.46074867,2.333000,),3.804836,nothing,1.046800,worst,0.944367,.,0.832143,the,0.699143,s,-4.141781,<unk>,-3.851962,",",-3.499084,<unk>,-0.864517,classic,-0.640605
46,0,-0.492093712,2.332000,',4.197289,funny,1.710755,worse,1.634881,terrible,1.468881,don,1.398589,you,-2.382190,for,-2.350288,<unk>,-1.603711,see,-1.535392,find,-1.291714
47,0,-0.771758258,2.328000,which,1.776136,so,1.370773,vampires,1.312540,incubus,1.248267,problem,1.143999,perfect,-4.146285,",",-2.028843,wonderful,-1.437791,beautiful,-1.229097,note,-1.088643
48,0,0.617689013,2.346000,nothing,11.015748,',5.857531,naive,2.365240,knew,1.663861,only,1.342908,then,-2.736713,to,-2.317838,s,-2.049652,is,-1.863904,cinema,-1.785204
49,0,-3.0494976,2.343000,indeed,6.974165,buddy,3.365228,they,1.386533,plants,1.196191,dance,0.956023,and,-4.809604,",",-3.512843,and,-2.238939,and,-0.830298,being,-0.770596
50,0,-0.307744622,2.331000,wilderness,5.344227,hostile,3.272222,the,2.129404,scenes,1.467787,especially,1.238012,<unk>,-6.566346,<unk>,-1.509927,",",-1.407477,chief,-1.368931,comprised,-1.267462
51,0,3.67103696,2.341000,such,10.655480,),4.180575,3,1.707901,actors,1.673620,but,1.629845,old,-3.864049,parts,-2.724802,much,-2.609079,the,-1.929718,suitable,-1.916040
52,0,5.54638958,2.347000,?,6.232181,',5.843308,white,3.879879,?,2.478540,ghosts,1.706018,where,-7.335219,care,-6.052622,t,-1.647927,and,-1.255864,at,-1.086736
53,0,-2.44368863,2.323000,scenes,5.814416,dialog,2.108634,a,2.105966,),1.666366,crime,1.586037,le,-4.956084,skillful,-3.765488,on,-2.090564,recently,-2.029395,need,-1.460500
54,0,-2.86169672,2.345000,background,8.811326,there,5.937727,i,2.766198,actors,1.534313,the,1.264062,love,-4.609932,is,-3.671492,is,-3.449827,charlotte,-1.930866,it,-1.587890
55,0,-2.1655643,2.343000,demeaning,3.848253,scenes,0.764796,bad,0.678336,lousy,0.658669,?,0.639672,<unk>,-4.531253,a,-1.503234,he,-1.416545,.,-1.302026,<unk>,-0.767560
56,0,-3.37957883,2.342000,rich,7.725046,),4.404371,an,2.068325,egyptian,1.898451,museum,0.962663,",",-2.870471,<unk>,-2.762912,her,-2.611747,hairstyles,-2.544633,<unk>,-1.845498
57,0,-3.79749703,2.342000,religious,1.821619,which,1.158266,the,0.695917,the,0.691346,customs,0.543545,",",-3.500114,is,-3.452301,face,-0.792524,that,-0.736318,and,-0.711472
58,0,-2.39280748,2.346000,talk,4.129926,torture,1.878192,supposed,1.615421,guys,1.575332,?,1.323221,forces,-2.623695,wounded,-2.434965,and,-2.072503,that,-1.333114,acceptable,-1.221055
59,0,-3.30957341,2.337000,15,7.935580,expressed,2.214832,the,2.111797,excess,1.346744,4,1.255745,<unk>,-6.451583,him,-4.607104,the,-2.111362,<unk>,-1.354522,beautiful,-1.217773
60,0,-3.90080643,2.350000,land,1.396356,s,1.192837,actor,1.174043,clearly,0.993721,box,0.825106,<unk>,-6.204559,<unk>,-6.204559,solid,-1.063733,lot,-0.741668,adaptation,-0.644434
61,0,0.800470889,2.347000,wife,4.198613,dastardly,2.215353,least,1.549442,zero,1.438845,nothing,1.306728,plays,-7.421259,him,-5.503451,history,-1.870154,wow,-1.398933,also,-0.796949
62,0,7.26881742,2.322000,they,4.898968,happens,3.153019,anything,2.225151,happen,1.305098,called,1.285339,loved,-5.018359,time,-4.839556,took,-1.279611,me,-0.877306,waiting,-0.568965
63,0,-3.76229835,2.322000,julie,7.435376,.,2.408755,half,0.501804,walters,0.440234,going,0.420819,<unk>,-6.204109,are,-5.952543,carries,-3.572143,reaction,-0.739300,<unk>,-0.377052
64,0,2.35330415,2.329000,have,6.221553,the,2.140839,plot,1.951335,worthy,1.930635,have,1.314118,fan,-2.846854,on,-2.800043,admit,-1.803584,animation,-1.374315,see,-1.140549
65,0,-1.38942134,2.350000,knew,3.372525,the,2.124799,the,1.973346,all,1.712756,seeing,1.336342,forster,-7.648709,and,-5.156498,<unk>,-2.341848,well,-1.965313,magnificent,-1.576114
66,0,-3.67146564,2.336000,out,0.915680,.,0.653752,characters,0.561221,are,0.424086,thing,0.363082,dad,-3.549001,movies,-2.443494,this,-2.440460,<unk>,-0.752915,and,-0.626035
67,0,0.179077297,2.338000,special,7.236754,than,1.868377,thing,1.334050,scenes,1.290492,they,1.048803,rings,-4.514551,that,-3.804761,will,-3.207532,now,-1.430477,basic,-1.130968
68,0,-2.75188065,2.351000,20,6.742236,kill,2.653007,the,2.123138,germany,2.074448,lucius,1.684298,he,-4.842598,that,-3.821529,at,-3.333273,<unk>,-2.150753,and,-2.057091
69,0,2.89851809,2.333000,idea,9.714624,scenes,2.289338,plot,1.822233,difficult,1.332294,myself,0.822213,reviews,-5.760207,wanted,-2.702364,see,-2.676993,shirt,-1.043081,them,-1.028714
70,0,-1.53132188,2.347000,too,3.668818,they,3.480095,so,2.971721,they,2.439767,your,1.640511,does,-3.028026,other,-2.880831,him,-1.657284,job,-1.654851,are,-1.544860
71,0,-1.99945462,2.343000,there,5.970720,watching,4.051162,released,3.156667,an,2.650621,actors,0.738160,will,-5.846275,goes,-3.160238,curious,-2.502606,their,-2.035547,when,-2.004408
72,0,-3.06134725,2.342000,background,6.721362,have,3.618677,stride,3.028918,rather,2.529831,actor,1.966456,and,-5.088448,<unk>,-3.639026,boy,-3.204188,best,-3.199035,<unk>,-2.714101
73,0,3.16701412,2.346000,throw,7.333481,girl,2.682939,carroll,2.541571,the,2.121465,most,2.020850,",",-4.624115,draws,-2.215406,young,-2.145955,leo,-2.134867,until,-1.806455
74,0,-0.601705194,2.339000,away,4.409493,court,2.299932,region,1.457202,sequence,1.196438,would,1.178570,it,-3.595877,<unk>,-2.785191,has,-2.706242,square,-2.164964,office,-1.121665
75,0,0.447432369,2.345000,his,1.966501,1,1.857163,with,1.332510,got,1.307075,they,1.279450,named,-4.551554,dude,-2.185498,right,-1.958201,sacrifice,-1.352518,ark,-1.092893
76,0,-2.56721616,2.347000,alexander,1.547147,aboard,1.285359,the,1.174689,does,0.862853,be,0.813067,excellent,-3.512101,great,-3.499132,joan,-2.983106,superman,-2.130307,taut,-0.848691
77,0,2.3110745,2.340000,slaps,4.215035,bridget,2.997113,hospital,2.994946,bochner,2.319463,winds,2.190233,and,-5.311944,in,-2.354982,<unk>,-2.088444,s,-1.314914,<unk>,-1.179558
78,0,-2.3570745,2.338000,she,1.164713,such,0.835170,am,0.771577,rather,0.722612,i,0.674412,of,-1.976862,s,-1.773790,.,-1.351323,it,-1.130071,personality,-0.843461
79,0,1.96440709,2.347000,to,1.945964,actors,1.893045,furniture,1.407835,doesn,1.388467,make,1.332998,as,-3.997325,this,-2.562934,joseph,-1.444545,love,-1.152221,and,-1.075807
80,0,-3.75014997,2.352000,the,2.114916,compelled,1.840676,cop,0.736820,shout,0.627712,enough,0.594306,and,-5.217369,malik,-3.407450,little,-0.732377,<unk>,-0.658672,balance,-0.649235
81,0,1.05915534,2.349000,',5.869736,the,2.125573,lack,1.623839,due,1.506639,such,1.454978,",",-4.629063,stands,-2.737729,well,-2.308973,works,-1.793667,was,-1.757902
82,0,-3.31936097,2.339000,',1.836367,or,1.514220,whether,1.514078,america,1.020432,really,1.016831,great,-2.070879,me,-1.964156,s,-1.360328,enjoyed,-1.193308,reminded,-0.812707
83,0,-2.75457883,2.338000,idea,9.637529,takes,2.781819,to,1.921247,the,1.828954,a,1.121269,.,-3.883645,on,-3.375415,film,-2.797397,this,-2.680924,enjoy,-1.508970
84,0,-2.90253806,2.335000,',4.229317,have,3.289366,',2.664998,',1.763291,supposed,1.702621,rookie,-3.754274,",",-3.504509,war,-3.491215,minor,-2.133022,think,-2.007631
85,0,2.6800549,2.336000,',5.840316,shirley,4.193423,',3.643210,nothing,2.204022,such,2.150804,my,-8.008177,like,-3.092128,<unk>,-1.929650,type,-1.406364,are,-1.379583
86,0,0.97488445,2.345000,they,5.628169,distinct,1.709061,worth,1.541218,blue,1.520919,only,1.433139,them,-4.022248,it,-3.579561,work,-2.888801,collectively,-1.254021,well,-1.229519
87,0,-0.54161799,2.341000,body,2.094121,i,1.936149,thriller,1.897278,.,1.593907,except,1.578884,and,-5.151235,",",-3.515495,science,-1.515068,and,-1.407738,well,-1.176090
88,0,-0.272733748,2.338000,lame,2.118375,than,1.991345,idea,1.966201,remake,1.862931,filling,1.279793,it,-3.603413,of,-2.001358,thought,-1.537026,mother,-1.493360,<unk>,-1.275824
89,0,-1.87769938,2.334000,?,10.915545,around,7.078372,worse,1.395110,sebastian,0.758906,looks,0.720565,look,-5.340983,marriage,-4.018026,senior,-3.094536,with,-1.478065,<unk>,-1.412176
90,0,2.13216448,2.348000,video,2.462610,plot,2.389183,the,2.100099,save,1.442499,.,1.246456,(,-4.041086,on,-3.662539,at,-1.574181,main,-1.085844,hesitate,-0.774836
91,0,1.00657022,2.341000,monkey,4.244581,such,3.699941,!,2.980684,fraud,2.335672,worse,1.579658,tv,-3.309077,wray,-2.587254,elton,-1.790674,organ,-1.396535,this,-1.234907
92,0,-2.63318419,2.343000,this,2.161425,talk,1.801954,bombay,1.315881,tried,1.286380,i,1.110770,<unk>,-6.251770,has,-3.306189,<unk>,-2.243614,basic,-0.836366,totally,-0.737680
93,0,2.15369344,2.336000,watching,3.887957,camera,3.289677,they,2.167986,the,2.147319,scenes,2.108336,film,-3.242512,my,-2.895722,random,-1.348898,great,-1.341545,and,-1.238655
94,0,-1.77111709,2.330000,be,2.124342,leading,1.969313,the,1.639712,scenes,1.594060,all,1.212394,it,-3.203806,flick,-1.861653,very,-1.744226,smile,-1.623483,smile,-1.519367
95,0,-4.23649406,2.347000,props,2.942656,all,2.158965,leads,1.702303,the,1.444908,.,1.095331,beautiful,-3.500539,film,-3.115446,settings,-3.096559,gives,-2.591810,<unk>,-1.477951
96,0,1.51211107,2.325000,',5.389280,line,4.095399,plot,1.648988,clichéd,1.389292,that,1.049293,7,-4.179246,conventional,-2.647254,you,-2.248619,keeps,-1.854558,ever,-1.681540
97,0,-3.62796426,2.331000,cooler,5.869420,to,2.733507,with,1.199574,uses,1.044920,case,0.877815,<unk>,-6.423450,enormous,-3.942492,",",-3.504607,and,-1.222508,is,-0.927443
98,0,-2.84548974,2.344000,',3.527917,embarrassing,2.415169,bad,2.010223,his,1.875444,,1.061089,and,-5.089322,sally,-4.893289,that,-2.660116,norman,-1.906141,him,-1.521600
99,0,0.544773996,2.343000,almighty,3.960277,worst,3.243304,who,1.277252,creative,1.248225,steve,1.029647,bruce,-4.798538,picture,-2.426044,shadyac,-2.242171,sequel,-1.116781,sorts,-1.021761
100,0,3.54481912,2.324000,mercifully,10.820872,all,3.680396,night,3.622162,generic,1.661068,lame,1.592281,",",-4.253325,uninspired,-2.626290,twist,-1.908586,like,-1.834398,took,-1.279515
101,0,-3.40974212,2.325000,such,10.586603,countryside,1.270440,sexual,1.079798,.,1.067068,husband,0.834928,merrily,-4.774305,hard,-3.697788,tom,-2.660731,adventure,-1.967372,and,-1.517755
102,0,3.18770266,2.315000,the,3.898889,they,2.249443,have,2.033995,audience,1.693050,or,1.400181,is,-3.480856,trap,-2.493186,and,-1.743269,.,-1.326591,by,-1.321703
103,0,0.652530134,2.346000,awful,6.395790,losing,4.442232,awful,3.634487,awful,1.765538,nothing,1.607426,say,-5.344475,on,-3.651749,probably,-3.188305,this,-1.953592,think,-1.562951
104,0,-1.34837604,2.347000,sort,4.610643,nearly,2.943440,waste,1.464915,character,1.414938,george,1.337900,at,-3.282744,had,-2.256878,love,-2.254185,<unk>,-2.104647,franchise,-2.038857
105,0,-1.57372808,2.344000,outlandish,7.707980,incoherent,3.461839,half,2.394432,prove,1.734918,),1.244752,evidently,-5.415595,<unk>,-3.928829,!,-2.499847,--,-1.297881,definitely,-1.031815
106,0,-3.28811836,2.325000,cross,3.993230,role,2.918202,a,2.305103,equally,2.194401,artistic,1.016795,<unk>,-6.207497,ted,-2.642184,enjoyable,-2.103544,elements,-1.928314,time,-1.556624
107,0,4.92006207,2.343000,?,10.908607,weed,7.104797,would,2.341197,plot,1.984324,.,1.807523,<unk>,-10.038387,the,-2.869499,classic,-1.888360,or,-1.423775,dropped,-1.290057
108,0,2.90762949,2.346000,banned,4.020780,but,1.557469,but,1.414694,up,1.348767,football,1.257119,<unk>,-6.304332,entertaining,-2.749447,.,-1.333343,is,-1.128597,across,-1.042178
109,0,1.73324859,2.340000,nasty,4.206239,?,3.831250,the,3.174566,weaving,2.612214,1,2.245834,office,-8.852543,hugo,-3.813589,producers,-2.353950,<unk>,-1.508093,victoria,-1.397661
110,0,-3.39730525,2.337000,not,4.310886,folkloric,3.453107,but,3.047570,screenwriter,1.984220,.,1.556795,and,-5.081192,including,-3.455520,is,-3.447873,",",-1.474273,further,-0.802850
111,0,-3.27274179,2.347000,festival,2.155002,was,2.152700,was,2.152700,the,1.437069,entranced,1.051524,meeting,-5.353320,<unk>,-1.758146,as,-1.696161,other,-1.678419,of,-1.487985
112,0,-3.26630712,2.336000,?,1.944155,worth,1.117240,the,1.061874,?,1.026623,takes,0.701129,history,-2.758694,time,-1.051771,in,-0.817967,well,-0.797389,screen,-0.731876
113,0,3.91202378,2.339000,away,3.931239,but,2.094694,worst,1.594164,video,1.361403,anything,1.036145,free,-2.966124,great,-2.895823,at,-1.780707,this,-1.269874,work,-1.084601
114,0,4.13578939,2.346000,but,7.415240,?,1.957212,few,1.205899,i,1.191987,have,1.121318,it,-6.178137,lot,-2.676471,it,-2.329951,murder,-1.131949,her,-0.956980
115,0,3.00051188,2.345000,the,3.923832,to,2.734850,despite,2.506955,too,1.886364,he/she,1.593391,those,-2.859619,it,-1.762711,great,-1.627760,took,-1.566306,decision,-1.485950
116,0,-2.99499798,2.344000,awful,8.738899,the,2.105966,one,1.390540,quickly,0.848320,nose,0.767473,charley,-3.899237,leo,-2.976134,as,-2.382071,.,-2.355067,other,-2.084359
117,0,7.54895735,2.324000,plot,5.308625,worse,3.575071,possible,3.044560,mst3k,1.884385,summary,1.246600,as,-3.230485,<unk>,-2.532462,writing,-1.528265,and,-1.144494,dvd,-0.984171
118,0,-1.8709358,2.327000,cheesy,3.455884,only,2.809938,madonna,2.209328,there,1.921159,the,1.060489,plays,-3.160407,this,-2.528212,at,-1.882832,comedic,-1.810009,see,-1.799387
119,0,-1.55059493,2.361000,too,4.069968,stahl,2.139889,actress,2.047025,but,1.917393,nick,1.341225,amazing,-5.185152,lot,-3.213769,probably,-2.882393,me,-1.941699,channel,-1.849069
120,0,1.67846644,2.338000,halfway,3.341413,kid,3.000388,killer,2.425820,slasher,1.152394,gets,1.131147,fare,-3.538859,this,-2.529890,.,-1.317869,inside,-1.293865,her,-1.211323
121,0,0.770699143,2.349000,while,8.079465,during,3.346630,up,2.306609,resting,2.256112,would,1.612055,mexico,-3.962299,and,-2.686819,(,-2.372799,mummy,-2.117528,very,-1.647934
122,0,0.283208638,2.354000,gets,5.417875,nothing,4.996255,case,2.254299,roles,1.491652,threatens,1.487012,<unk>,-6.335032,includes,-4.710886,and,-3.535621,buddies,-1.969521,.,-1.171865
123,0,-2.75333071,2.357000,philosophy,2.177315,responds,2.162004,his,1.506982,same,1.376783,unfortunately,1.035892,and,-5.090371,how,-4.322891,me,-1.933979,inner,-1.907625,years,-1.783040
124,0,4.22661734,2.354000,people,3.830693,lines,2.539527,checked,2.219788,painful,1.694053,scenes,1.440026,(,-2.917153,t,-2.097630,t,-2.083874,because,-1.539429,those,-1.145736
125,0,0.56497246,2.337000,shamelessly,3.310416,?,2.050275,a,1.693955,ripped,1.520188,can,1.347935,and,-5.176262,",",-3.519062,<unk>,-1.340674,<unk>,-1.202312,angel,-0.984576
126,0,-0.473175734,2.333000,good,2.911216,camera,2.666427,',2.252401,make,2.230844,up,1.928699,<unk>,-6.337560,t,-2.651241,approach,-2.452809,misfire,-2.188261,<unk>,-2.106662
127,0,-1.93971705,2.335000,women,3.038240,biggest,2.744381,make,1.541828,boston,1.285636,rose,1.206975,see,-2.430154,terrific,-1.755382,at,-1.375092,delightful,-1.354997,film,-1.295520
128,0,-4.52753925,2.349000,rich,3.128776,taken,2.382113,',2.348615,novel,0.716206,our,0.518210,story,-5.805015,<unk>,-5.071777,<unk>,-1.030829,into,-0.959755,we,-0.599597
129,0,-3.09498286,2.343000,with,2.199446,esoteric,2.047144,rather,1.811372,',1.726842,sexual,1.685445,between,-4.903934,on,-2.279017,subsequent,-1.867533,desolate,-1.116579,s,-1.059726
130,0,-4.62894392,2.338000,crime,9.502336,his,3.434915,occur,2.149389,case,1.132451,not,0.765227,<unk>,-4.515677,and,-3.767540,is,-3.444704,",",-2.875199,somewhat,-1.254282
131,0,-3.19854283,2.346000,only,1.483007,older,1.454846,thing,1.453998,doesn,1.281692,days,1.270312,film,-1.851960,inside,-1.752434,my,-1.565279,scrap,-1.522314,dad,-1.506701
132,0,-1.95740902,2.326000,',2.989203,leading,2.409958,lack,1.555644,extremely,1.243642,case,1.180175,has,-2.416213,are,-2.207372,comes,-1.547374,comments,-1.360942,ruining,-1.308903
133,0,2.35611892,2.344000,stage,6.953158,which,4.396133,but,2.347986,',1.835157,looks,1.809386,cinema,-3.370846,buying,-3.129824,songs,-1.993721,than,-1.655477,characterisation,-1.380344
134,0,-1.90339255,2.341000,better,7.105859,dealt,2.069651,funny,1.739728,plot,1.722883,dealt,0.916152,best,-6.041502,never,-3.968190,tv,-1.686373,is,-1.390405,definitely,-1.370817
135,0,0.404993564,2.349000,there,6.063478,fair,2.333873,a,1.437725,i,1.341921,they,1.283454,it,-5.063982,crude,-4.969871,time,-2.012931,me,-1.605889,it,-1.397629
136,0,-3.64915967,2.349000,the,2.693176,this,1.144581,i,0.893322,state,0.843482,serving,0.801546,<unk>,-6.205509,on,-3.584094,where,-2.613141,well,-0.480530,french,-0.387867
137,0,0.216583043,2.333000,male,4.870977,based,1.787647,based,1.667781,wasted,1.356187,shame,1.255496,never,-3.795583,and,-2.241191,excellent,-1.914031,state,-1.719958,now,-1.539016
138,0,-3.03979993,2.350000,they,1.149774,a,1.023424,showed,0.952830,4,0.914471,?,0.840657,",",-3.501163,still,-3.354994,available,-0.981035,fly,-0.945958,and,-0.708016
139,0,1.44718361,2.350000,could,1.937749,religious,1.646054,hopes,1.187209,creative,1.114929,have,0.943804,mixing,-4.101481,that,-1.487678,<unk>,-1.098117,",",-0.870897,amazing,-0.628271
140,0,3.33329964,2.347000,something,2.744613,but,2.299903,pregnant,2.194779,the,2.115960,entire,1.816712,",",-2.251105,inside,-1.779360,<unk>,-1.740516,hooked,-1.695492,her,-1.531118
141,0,-2.56725931,2.349000,mcgregor,2.842807,the,1.330561,to,0.885057,jumps,0.865604,boring,0.705928,it,-3.563842,feature,-2.356638,types,-1.198245,without,-1.185040,and,-0.918064
142,0,2.73650217,2.336000,nothing,6.811178,bad,4.785937,badly,2.697663,worth,2.252199,pay,1.933459,includes,-3.820945,music,-2.236644,embarrassing,-1.758258,etc,-1.726684,",",-1.458515
143,0,1.08188045,2.337000,nothing,6.998629,have,6.278180,make,1.369125,falls,1.367658,have,1.178255,film,-3.824747,depressed,-2.620825,who,-1.365679,was,-1.048741,tackled,-1.005193
144,0,0.341572732,2.329000,',5.886349,long,2.995875,be,2.001809,periods,1.845689,such,1.744117,picture,-6.102439,her,-2.649973,drags,-2.378149,are,-1.335591,.,-1.298086
145,0,-3.43498611,2.347000,there,5.940958,novel,3.111572,carried,2.820694,',0.914705,last,0.717659,perfect,-6.018553,between,-4.758244,.,-2.019445,well,-1.614004,great,-1.474463
146,0,-2.56360459,2.349000,placed,2.769231,run,1.419350,',1.070745,.,0.636333,problem,0.615969,literally,-3.169389,eventual,-2.964090,work,-1.649530,worked,-1.210601,and,-0.915590
147,0,5.00042152,2.338000,your,5.888318,itself,4.189400,films,3.295382,what,2.062754,worst,1.115669,<unk>,-6.270326,for,-3.118638,it,-1.599977,list,-1.347980,comes,-1.246706
148,0,4.07590723,2.344000,?,7.572545,!,2.985761,wrong,1.290832,monster,1.107395,way,1.020863,(,-1.715774,everything,-1.714168,<unk>,-1.485703,<unk>,-1.305349,minimal,-1.187073
149,0,0.0731531605,2.346000,sake,2.566016,familiar,2.217710,unfortunately,1.882707,live,1.580827,timing,1.526376,well,-5.236637,sub-genre,-1.590009,and,-1.362780,decent,-1.325349,simple,-1.249956
150,0,2.10449266,2.341000,rescuing,6.618242,',5.879804,?,1.951962,next,1.261329,reporter,1.190946,remorse,-2.514425,him,-1.990728,hit-man,-1.696417,supreme,-1.508511,fighting,-1.379304
151,0,-2.77281022,2.340000,but,4.496980,up,1.272663,/,1.018180,your,0.701926,.,0.680131,as,-3.897122,",",-3.505179,bruce,-2.344414,parties,-1.380133,<unk>,-0.739406
152,0,3.1931963,2.351000,boorish,3.995857,poor,2.364378,they,2.362534,sequels,1.550325,club,1.537423,played,-4.979840,bugs,-4.957800,film,-2.450060,<unk>,-1.998257,owner,-1.630714
153,0,-3.4980967,2.349000,but,4.243999,do,0.906447,novel,0.796480,cannot,0.651218,the,0.626735,elevated,-3.313901,once,-3.080014,never,-1.584312,",",-1.209888,produced,-0.964186
154,0,-3.12835836,2.326000,such,2.857359,an,2.486225,there,2.277157,have,1.779435,equally,1.575835,<unk>,-3.052087,t,-2.589871,<unk>,-1.701695,and,-1.476110,.,-1.344424
155,0,-2.99731374,2.348000,to,2.145381,properly,1.548295,out,1.399487,voice,1.315448,hoot,1.312281,is,-3.453897,very,-3.318804,time,-1.706608,otherwise,-1.236966,see,-0.775783
156,0,-2.32587647,2.339000,but,1.172740,opposite,1.004602,only,0.895160,what,0.778859,be,0.759554,film,-3.181228,marriage,-2.807513,liked,-1.838870,.,-0.551745,that,-0.549886
157,0,1.60926616,2.342000,actor,4.923547,fails,4.449103,to,2.758835,plot,2.331223,supposed,1.813837,",",-3.344540,this,-2.496625,mirrors,-1.635538,has,-1.624552,usage,-1.519171
158,0,-1.04305112,2.328000,woman,2.885984,today,1.748174,evolved,1.702194,there,1.451489,violent,1.346286,bandit,-6.665880,goes,-5.690681,best,-1.509000,become,-1.046845,story,-0.893962
159,0,2.78758502,2.332000,about,4.573781,plot,3.899726,just,2.938367,steven,1.748816,tea,1.673433,from,-4.497200,fact,-3.586035,carefully,-2.652692,is,-1.981972,carefully,-1.179689
160,0,-1.42521322,2.323000,worst,3.267284,have,2.926117,got,2.024787,carrot,1.580368,but,1.364241,see,-3.419517,funniest,-3.131794,s,-1.674106,this,-1.670303,you,-1.509058
161,0,5.02541161,2.339000,b,3.582477,lethargic,2.770561,1,2.166902,',2.132472,naive,1.845600,stands,-3.420177,waiting,-1.428760,",",-1.421729,is,-1.374034,wayne,-1.322768
162,0,-1.04645526,2.324000,they,12.977469,former,3.356719,they,1.124934,got,1.077662,worse,1.038675,visit,-6.205457,<unk>,-4.865288,<unk>,-2.980657,in,-1.997874,their,-1.384218
163,0,-3.79281187,2.325000,',2.352965,the,1.948285,point,1.674737,burlesque,1.448319,the,0.863330,s,-4.144674,running,-2.199584,and,-1.653890,chaplin,-1.422498,carmen,-1.148090
164,0,-2.99864602,2.336000,to,1.571800,discovery,1.529999,an,1.447162,was,1.278244,breakthrough,1.237330,<unk>,-6.220665,unexpected,-2.700365,.,-1.337731,animation,-1.131712,classic,-0.810906
165,0,-2.55811286,2.344000,values,10.319266,beloved,2.819947,to,2.173980,what,1.731598,virus,1.398613,like,-3.047275,story,-2.786343,game,-2.233322,of,-1.980967,and,-1.564835
166,0,-1.71187091,2.344000,actors,3.244588,your,3.192436,movie,1.290355,of,1.275850,or,1.116628,figure,-4.179499,cute,-2.279215,see,-2.239963,lot,-1.778305,e,-1.074360
167,0,9.60151863,2.350000,half,2.664025,?,2.562081,?,1.948233,needless,1.600379,bad,1.512338,he,-1.930540,it,-1.258738,voight,-1.032577,on,-0.978835,say,-0.944624
168,0,-3.06499505,2.329000,',5.809726,not,3.789728,do,1.018092,due,0.567816,or,0.278611,liking,-3.164544,genius,-1.857846,.,-1.343363,.,-1.317933,",",-0.976554
169,0,-3.3377645,2.349000,!,1.621690,?,1.139609,be,0.942851,warned,0.743318,?,0.741738,are,-3.121408,tribe,-1.591512,certainly,-1.571911,me,-0.889526,<unk>,-0.753072
170,0,-1.82801712,2.349000,released,3.204165,tragic,1.548310,us,1.472869,view,1.193143,unwed,0.998117,intense,-5.027942,michelle,-4.112067,love,-1.708955,that,-1.559553,twists,-0.774017
171,0,-3.99829125,2.333000,',5.815018,sequences,2.570461,retread,1.594768,but,1.240694,appeal,1.049985,<unk>,-6.203314,<unk>,-4.599431,a,-3.544919,love,-1.153120,best,-1.135288
172,0,-1.57761967,2.332000,knew,6.033219,watching,3.921072,acquaintance,2.379244,terrible,1.635921,with,1.079034,superb,-3.450205,minute,-2.376573,now,-2.257215,and,-2.150886,film,-1.613226
173,0,-2.6230123,2.348000,but,2.211894,funny,2.203497,pegg,1.284800,they,1.104435,ten,1.071514,<unk>,-3.383104,<unk>,-3.308544,<unk>,-2.409846,train,-1.918773,<unk>,-1.743596
174,0,3.37001514,2.346000,mutated,5.767161,?,2.385839,college,1.480469,could,1.318162,rash,1.278549,s,-4.267931,a,-2.589168,as,-2.532456,",",-1.836308,ark,-1.448826
175,0,3.17371345,2.338000,brown,3.757539,bad,2.287238,worst,2.255201,poor,2.153114,scenes,2.071911,foxy,-3.155187,s,-2.605751,foxy,-2.263088,<unk>,-1.616901,this,-1.534205
176,0,-2.53574443,2.343000,what,2.241167,key,2.229686,the,2.156196,economic,2.095667,matter,1.764890,by,-3.611022,others,-3.034286,obstacles,-2.256559,both,-1.798332,it,-1.391825
177,0,-0.748645723,2.336000,?,2.692973,the,2.173009,they,1.955598,folks,1.463477,gets,1.462501,well,-4.177570,play,-3.796368,when,-1.537761,<unk>,-1.515434,play,-1.252387
178,0,-2.65797567,2.347000,imho,4.775721,steamboat,2.015946,whiner,1.626446,in,0.948923,his,0.700504,where,-6.563983,nowadays,-3.488205,s,-2.655205,smile,-1.645616,smart,-1.039489
179,0,-2.66665626,2.330000,),5.103347,criticize,3.283091,brat,2.330239,chic,2.188054,throwing,1.268965,italians,-3.107663,dirty,-2.678133,",",-1.877569,<unk>,-1.579197,<unk>,-1.447275
180,0,-2.0438056,2.353000,suffice,12.435544,1983,2.736912,such,1.118958,hospital,1.026784,just,0.797515,remembered,-11.237574,i,-3.623228,it,-3.606740,memory,-1.765872,me,-1.028616
181,0,-0.192195654,2.337000,mock,2.902158,?,1.687121,make,1.510480,part,1.279164,be,0.952519,that,-2.539032,my,-2.298033,that,-1.551998,best,-1.313025,find,-1.290781
182,0,0.999303639,2.347000,get,3.058401,amateur,2.598953,the,2.147055,same,2.041034,ridiculous,1.996571,years,-6.312697,winning,-4.525698,now,-1.632008,minor,-1.450751,s,-1.119277
183,0,1.29779375,2.333000,crime,12.304724,even,3.875574,lame,3.820909,stories,3.636117,ruined,1.904438,jackie,-4.844858,.,-4.365154,camerawork,-2.997022,virtues,-2.939310,unusually,-1.870526
184,0,1.04114401,2.335000,all,3.702084,three,2.780608,dollars,2.424867,someone,2.053908,western,1.744812,trilogy,-6.040465,<unk>,-3.284139,of,-1.970422,and,-1.641849,eastwood,-1.152956
185,0,-3.37027764,2.329000,couple,4.926796,an,2.512362,bad,1.877989,with,1.488291,stupid,1.390511,series,-2.147569,story,-1.965695,story,-1.731530,bits,-1.534333,it,-1.347343
186,0,0.37553525,2.346000,same,9.123346,themed,4.043756,awful,2.308306,watching,2.185408,off,2.009227,that,-6.128613,topping,-3.932780,(,-3.479325,",",-1.512394,tom,-1.415699
187,0,4.11609983,2.344000,got,4.331235,they,3.611537,common,2.515182,long,1.812424,brother,1.781454,cute,-3.421409,<unk>,-3.129707,being,-2.367508,<unk>,-1.735431,t,-1.269567
188,0,5.6351862,2.353000,up,4.327109,just,3.088820,the,2.125328,funny,1.617128,not,1.461024,best,-5.291759,son,-3.244626,everyone,-2.862281,t,-1.646944,gangster,-1.121510
189,0,-2.63637948,2.346000,which,4.311933,too,2.669111,down,2.030260,special,1.192381,but,1.145606,for,-3.090911,loved,-3.018855,like,-2.491212,well,-1.913889,captivating,-1.687633
190,0,-3.44843268,2.339000,problems,3.801828,they,3.108435,you,1.547739,sean,1.415389,forgiveness,1.176459,often,-5.309768,this,-2.377047,and,-1.655616,trust,-1.274029,life,-0.793962
191,0,4.08611107,2.325000,placed,10.973852,footage,5.042128,about,4.578598,identification,2.175814,based,1.505209,",",-5.275287,on,-2.616725,almost,-2.582192,two,-2.005066,s,-1.673267
192,0,-1.10319495,2.336000,watched,5.069034,behind,5.031382,actors,3.869310,miss,1.492970,make,1.481658,it,-6.101421,recently,-3.818658,along,-1.831252,love,-1.721741,also,-1.550532
193,0,-3.2841661,2.328000,spent,0.697187,house,0.581049,area,0.483889,to,0.480807,surrounding,0.449757,had,-2.270965,.,-1.355633,on,-1.025267,me,-0.716979,best,-0.693725
194,0,-4.07129383,2.350000,down,8.738056,whether,3.679533,be,3.665936,seen,1.057257,.,0.940391,goes,-5.544727,overall,-5.078253,take,-5.056272,<unk>,-4.130914,and,-1.184847
195,0,-2.42632771,2.323000,win,3.359876,billy,2.012765,responsibility,1.698350,any,1.695234,to,1.397307,lovely,-2.637819,international,-2.583851,film,-2.449451,best,-2.256825,surprisingly,-1.895061
196,0,-2.52987099,2.336000,fast,6.368363,couple,3.160005,sit,1.546024,far,1.437299,long,1.356457,over,-3.376540,entertainment,-2.036478,<unk>,-1.721297,series,-1.706254,",",-1.357791
197,0,4.41367149,2.341000,phone,5.057834,b,4.562799,up,3.311397,row,2.190897,b,1.921712,this,-2.526121,trust,-2.131019,and,-1.985334,well,-1.841329,me,-1.284871
198,0,-2.59172893,2.325000,formula,1.782683,.,1.737519,have,1.438014,sequence,1.197009,live,1.010453,without,-5.407828,is,-3.453229,<unk>,-1.041595,<unk>,-0.616529,including,-0.580324
199,0,4.94920158,2.344000,tries,11.580538,crappy,4.234930,scary,4.029693,actors,2.782571,tries,2.399013,is,-5.676099,some,-1.825594,on,-1.472615,a,-1.378132,asian,-1.316934
200,0,3.21965289,2.343000,characters,6.407147,blair,3.628228,people,2.547583,tries,2.319826,not,2.031279,",",-3.500270,",",-2.896783,mockumentary,-2.766080,(,-2.470041,you,-1.784535
201,0,-1.37973177,2.345000,don,2.769607,turned,1.920800,puppets,1.616870,a,1.361740,profile,1.192517,like,-4.971130,film,-3.205071,society,-1.154054,independent,-1.101286,into,-0.879265
202,0,-2.51245499,2.344000,),3.317004,thriller,2.369307,they,2.175610,bank,1.321237,reservoir,1.284659,<unk>,-6.225370,this,-2.466382,<unk>,-1.631893,time,-1.116293,well,-1.011260
203,0,-2.80224633,2.345000,the,2.115608,be,2.065224,beats,1.852129,sure,0.879910,they,0.698887,workers,-3.877478,in,-1.962028,<unk>,-1.355349,<unk>,-1.269621,target,-1.147000
204,0,-1.00670159,2.345000,an,4.555659,the,2.127912,emotionally,1.984331,any,1.957719,deep,1.680496,care,-4.767826,this,-4.746317,of,-1.971489,examples,-1.777395,moving,-1.615459
205,0,-2.97520638,2.334000,to,2.728875,his,2.606709,they,2.462879,the,2.114678,trying,1.334830,two,-3.599382,paths,-2.184945,william,-1.728417,<unk>,-1.718576,<unk>,-1.411412
206,0,-1.13886869,2.350000,woman,7.345321,tender,4.632844,sitting,2.038693,saying,1.383886,dining,1.368831,sorrowful,-2.777157,delightfully,-2.287161,ingrid,-1.955445,comes,-1.904084,distressed,-1.399493
207,0,-0.890049398,2.346000,to,3.925377,but,2.096606,ideas,1.859328,dubbing,1.683357,not,1.549704,happy,-9.196561,for,-3.139866,cares,-1.733960,<unk>,-1.449840,dubbed,-1.190092
208,0,0.0962358639,2.344000,monster,3.501577,within,2.664811,extreme,2.460396,awful,2.065936,poorly,1.894705,<unk>,-6.345859,supporting,-2.012216,horror,-1.770593,me,-1.681170,shock,-1.502735
209,0,-1.82353878,2.343000,open,3.173365,.,2.020234,consumer,1.981305,bad,1.960462,whereas,1.714120,alcohol,-6.216682,<unk>,-2.553060,movies,-2.453090,<unk>,-1.226613,<unk>,-0.831741
210,0,1.95323813,2.331000,rejects,5.505627,anything,2.972004,more,2.826465,rambling,1.782249,itself,1.601906,",",-5.261586,city,-3.889183,lot,-2.458414,had,-2.315168,see,-1.966240
211,0,-3.50992703,2.346000,',2.737877,not,2.487931,sure,1.603044,.,1.437640,m,1.430674,it,-3.562218,",",-3.500635,and,-1.866730,me,-1.769098,this,-1.692104
212,0,-3.2764535,2.346000,get,3.054588,views,0.915282,rich,0.655764,the,0.515162,cultures,0.458760,film,-4.309440,this,-2.446289,and,-1.420295,and,-0.793257,falling,-0.492009
213,0,3.89440513,2.335000,',5.869188,money,3.060536,?,2.698234,a,2.041222,be,1.687778,smart,-4.765818,<unk>,-2.996775,captain,-2.577419,erika,-2.347713,lot,-1.372725
214,0,0.756848931,2.343000,might,8.517290,name,2.195021,they,2.179336,they,2.080051,presumably,1.398175,great,-9.237970,favorite,-2.450863,see,-2.083358,unique,-1.268929,everyone,-1.005023
215,0,-1.11497092,2.346000,to,2.707824,they,1.772647,off,1.258521,1980s,1.252168,hired,1.060515,though,-3.808427,film,-3.219427,right,-1.624095,he,-1.477384,moore,-1.448254
216,0,-1.67601597,2.348000,bad,7.490856,about,4.619297,winds,1.434125,stakes,1.341693,up,1.328847,stomp,-2.199052,bugs,-2.118373,is,-1.889195,elephants,-1.675374,s,-1.477959
217,0,-1.28640318,2.342000,desperate,7.685910,party,3.379513,to,2.956941,plot,1.934712,just,1.831441,is,-4.770876,",",-3.521802,everything,-3.082871,like,-2.553668,egg,-1.194587
218,0,3.88534856,2.348000,',5.862364,but,2.929627,awful,2.147283,bother,1.558220,one,1.262821,",",-5.097532,this,-3.482983,this,-2.307953,.,-1.329465,how,-1.064832
219,0,3.92747235,2.352000,unless,4.465669,plot,2.714739,hollow,2.322188,nothing,2.288479,feeling,1.776786,forget,-3.305392,without,-2.309593,it,-2.011217,that,-1.971354,its,-1.938101
220,0,4.17265892,2.327000,minuscule,8.766639,awful,3.880969,boring,1.708015,apparently,1.615191,early,1.495524,that,-4.721511,<unk>,-3.838431,genuinely,-2.322574,every,-1.941994,oddly,-1.725345
221,0,2.27647805,2.342000,',5.892868,wrong,3.035944,redford,2.431636,make,1.712785,potential,1.677152,now,-1.921710,love,-1.773450,charm,-1.710448,to,-1.589976,lady,-1.338788
222,0,5.96059799,2.344000,not,2.810570,thing,2.179487,waste,1.538673,have,1.341189,they,1.180241,generated,-5.982265,moving,-4.323462,shots,-1.003267,it,-0.678133,model,-0.655415
223,0,-0.048138164,2.352000,idiots,5.514584,worst,3.115741,folks,1.615202,make,1.164877,less,1.112987,best,-4.162126,are,-3.891482,makes,-2.134799,me,-1.604755,best,-1.299777
224,0,0.0268547758,2.340000,),4.528639,excited,2.463466,search,1.643143,characters,1.545029,),1.469943,forming,-4.472536,transported,-4.169156,being,-2.225205,totally,-1.885590,eddie,-1.478842
225,0,-2.522717,2.347000,silliness,7.752886,they,2.743879,attached,1.951162,make,1.422842,actor,0.952903,chong,-10.184436,surprisingly,-2.745136,high,-2.174348,genre,-1.283698,unclear,-0.871658
226,0,-1.26504385,2.349000,knew,6.765972,use,4.904842,make,1.809337,i,1.455097,coming,1.403400,s,-4.503162,of,-1.972068,dismissed,-1.795099,time,-1.789411,at,-1.738262
227,0,3.77125788,2.346000,bats,3.306841,entirely,3.154222,they,2.222271,any,1.769206,thriller,1.732324,show,-4.822811,worn,-2.154496,those,-2.019337,.,-1.326314,totally,-1.248481
228,0,-0.683586419,2.346000,ruthless,4.184678,invent,2.462149,early,1.999245,far,1.929257,house,1.725872,",",-3.531122,2007,-3.019140,possibly,-1.933056,deeply,-1.713385,and,-1.697242
229,0,-2.68481946,2.351000,with,3.297953,a,2.309537,make,2.169766,),2.060578,about,1.494354,smith,-6.719187,<unk>,-6.212076,plays,-1.500634,english,-1.281493,as,-1.246948
230,0,0.196726024,2.348000,do,2.682433,the,2.384901,be,2.371724,looks,1.961455,just,1.622786,has,-3.364650,for,-3.136473,<unk>,-2.867152,chop,-1.504951,gut,-1.341145
231,0,4.28366899,2.335000,benefit,12.771613,yourself,3.014768,amnesia,2.200873,boring,1.555169,they,1.315562,ground,-5.762444,i,-4.756970,may,-3.436921,s,-2.019728,t,-1.890833
232,0,0.303147644,2.345000,the,2.101753,out,1.654659,viking,1.490447,insane,1.442485,kill,1.242422,think,-5.351198,guardian,-2.478822,cartoon,-2.171550,best,-1.844727,hilarious,-1.540701
233,0,-3.0991323,2.344000,laughable,20.499897,live,2.103878,?,1.163439,down,1.049306,the,1.036603,conventions,-19.095807,rugby,-2.024567,best,-1.736999,",",-1.695877,by,-0.818739
234,0,2.70651698,2.350000,subtleties,3.090138,actors,1.896557,could,1.485941,based,1.396910,renowned,1.320978,french,-1.879974,and,-1.717016,well,-1.516496,success,-1.445724,france,-1.311726
235,0,4.3773756,2.333000,dead,4.619446,up,4.469245,crooked,2.155326,up,1.727346,guns,1.425872,and,-5.155121,that,-3.782590,imagination,-3.076535,bandits,-2.226337,s,-1.099493
236,0,1.10855293,2.328000,?,3.847485,rich,1.857271,or,1.213810,the,0.955149,woman,0.915270,<unk>,-3.843716,finger,-1.598288,scream,-1.202778,it,-1.141422,me,-0.623982
237,0,2.66068912,2.319000,dived,3.932830,they,2.302072,audiences,2.196726,the,2.151521,bashing,1.359778,film,-4.955223,recently,-2.144639,lot,-1.850317,saw,-1.678848,enjoyed,-1.534618
238,0,-2.98987079,2.347000,plot,8.120558,up,2.483996,the,2.111032,the,2.111032,many,1.396866,has,-3.993579,",",-3.411762,<unk>,-2.234858,great,-1.881413,preparing,-1.730342
239,0,0.761596859,2.344000,an,8.849335,i,2.797183,to,2.773046,awful,2.275704,a,1.385605,me,-7.930834,is,-4.042367,i,-3.409975,and,-3.211090,independent,-1.341942
240,0,0.222200572,2.353000,common,8.159938,cross,3.004706,helpful,1.925726,down,1.307361,your,1.156252,will,-2.743306,you,-2.041764,",",-1.735014,brains,-1.584134,alive,-1.482054
241,0,-1.69382107,2.320000,dream,5.459740,out,2.120409,was,1.697014,wasted,1.276056,out,1.023435,tv,-3.443361,<unk>,-3.057829,flick,-2.179497,very,-1.815808,in,-1.641038
242,0,-1.14762414,2.343000,',5.895113,save,2.804599,have,2.487575,even,2.192483,but,2.107047,broken,-7.182436,is,-3.500682,bits,-2.142264,he,-1.641653,<unk>,-1.460372
243,0,-2.56833839,2.349000,kid,3.442946,to,1.272156,actual,1.098220,got,1.022971,older,1.017835,possibly,-4.472871,newly,-3.154705,gems,-2.793047,now,-1.444846,as,-0.794216
244,0,-2.95725608,2.326000,4,2.746977,honest,2.262602,films,2.003522,drug,1.659157,recent,1.628468,immensely,-3.467346,enjoyed,-2.212285,also,-1.393670,and,-1.375818,years,-1.122590
245,0,-0.573411167,2.337000,they,5.074395,outcome,4.507412,girl,2.889731,',2.177001,bought,1.232783,that,-3.777063,on,-3.645003,on,-2.495328,fastest,-2.339264,<unk>,-2.179742
246,0,-2.90724349,2.348000,do,6.615384,his,2.939168,heartily,2.743071,person,1.453462,nigh,1.346871,comic,-5.735597,indian,-2.468215,accomplish,-1.604695,<unk>,-1.571482,<unk>,-1.152141
247,0,-2.60232663,2.331000,flows,5.102669,with,3.829012,bad,3.521895,make,1.585252,off,1.243214,favourite,-4.575265,real,-3.695968,flynn,-3.052555,and,-2.612133,fantasy,-1.229506
248,0,0.830234826,2.347000,really,1.755879,extreme,1.339390,the,1.051935,christmas,1.036674,worse,1.002752,my,-4.121138,them,-3.983314,firmly,-3.475960,usa,-1.448267,needn,-1.177193
249,0,-0.164581448,2.344000,boris,10.232185,accompanies,7.169568,search,2.914025,boris,1.979121,wilderness,1.492238,s,-4.775974,is,-2.452349,community,-2.392385,<unk>,-2.025107,the,-1.634097
250,0,1.49967313,2.348000,airplane,8.560274,with,3.887403,roberts,2.210912,miss,2.007304,really,1.776136,eric,-6.361464,galaxy,-4.534679,<unk>,-4.502659,story,-2.681725,ark,-2.003362
251,0,-2.96984196,2.351000,with,1.819479,one-man,1.603604,i,1.404569,',1.390251,sense,1.345365,leguizamo,-4.872879,well,-2.732685,funniest,-2.554043,shows,-1.791215,recommend,-1.389843
252,0,-3.64008713,2.346000,to,2.737970,the,2.114891,listen,1.066822,someone,0.714223,but,0.667905,<unk>,-6.431807,eastwood,-3.970560,a,-1.059237,and,-0.510927,mindset,-0.490043
253,0,3.10554433,2.330000,the,2.137346,screenwriter,2.131805,jack,2.131083,save,2.129921,was,1.533304,other,-4.690398,preceded,-3.981295,",",-1.733267,also,-1.442880,other,-1.277214
254,0,-2.92800546,2.325000,role,6.398797,last,3.609858,interestingly,2.387897,shop,1.814143,far,1.555375,cast,-6.150108,<unk>,-2.645573,narrator,-2.512835,tenants,-2.338524,city,-1.754545
255,0,-3.70216012,2.350000,been,3.159861,the,2.101516,his,0.683906,should,0.643493,trouble,0.394275,because,-3.489275,it,-3.028662,baby,-1.857498,<unk>,-1.633064,dad,-0.841597
